Широта	Долгота	Наименование	Адрес	Категория	Подкатегория	Дата парсинга
58.52076	31.27736	Новгородский кремль (детинец)	Софийская сторона, Великий Новгород Россия	Развлечения	Музыка и искусство	2020-10-22
58.53665	31.29189	Park Inn by Radisson	Студенческая улица, д. 2, Великий Новгород 173014 Россия	Средства размещения	Гостиницы и санатории	2020-10-22
57.99272	31.363125	Музей Северо-Западного фронта	ул. Володарского, 23, Старая Русса Россия	Развлечения	Музыка и искусство	2020-10-22
58.520397	31.269754	Туристский информационный центр Красная Изба	Сенная пл., 5, Великий Новгород 173007 Россия	Предоставление услуг	Турагенства	2020-10-22
58.524334	31.272139	Памятник Сергею Рахманинову	Кремлёвский парк, Великий Новгород Россия	Развлечения	Музыка и искусство	2020-10-22
58.51552	31.25947	Знаменский собор	ул. Ильина, Великий Новгород 173000 Россия	Развлечения	Музыка и искусство	2020-10-22
58.521385	31.269314	Кремлевский парк	Мерецкова-Волосова, 4, Великий Новгород 173007 Россия	Развлечения	Зрелищные развлечения	2020-10-22
58.39238	33.895287	Свято-Духов монастырь	ул. Александра Невского, 6, Боровичи Россия	Развлечения	Музыка и искусство	2020-10-22
58.521965	31.269768	Музей Изобразительных искусств	Победы-Софийская площадь, 2, Великий Новгород 173007 Россия	Развлечения	Музыка и искусство	2020-10-22
57.974846	33.254814	Музей колоколов	ул. Труда, 2A, Валдай 175400 Россия	Развлечения	Музыка и искусство	2020-10-22
58.51617	31.28572	Церковь Параскевы Пятницы на Торгу	Большая Московская, 5а/2, Великий Новгород 173000 Россия	Развлечения	Музыка и искусство	2020-10-22
58.57855	31.39145	Варлаамо-Хутынский женский монастырь	ул. Монастырская, д. 60, д. Хутынь 173011 Россия	Развлечения	Музыка и искусство	2020-10-22
58.52013	31.27445	Новгородский государственный объединенный музей-заповедник	Кремль территория, 4, Великий Новгород 173007 Россия	Развлечения	Музыка и искусство	2020-10-22
58.38579	33.90013	Спортивный Комплекс "Олимп"	Спасская площадь, Боровичи Россия	Развлечения	Активные развлечения	2020-10-22
58.519962	31.288021	Колобок	ул. Большая Московская, д. 28, Великий Новгород 173000 Россия	Кафе/бары/рестораны	Кафе/бары/рестораны	2020-10-22
58.52378	31.285433	Диез	Фёдоровский ручей, 2/13, Великий Новгород 173004 Россия	Кафе/бары/рестораны	Кафе/бары/рестораны	2020-10-22
58.530907	31.281057	Хурма	ул. Великая, 16, Великий Новгород Россия	Кафе/бары/рестораны	Кафе/бары/рестораны	2020-10-22
58.522186	31.268982	Чародейка	Мерецкова-Волосова,  1/1, Великий Новгород 173007 Россия	Кафе/бары/рестораны	Кафе/бары/рестораны	2020-10-22
58.531532	31.23833	Клюква	Попова,  4/1, Великий Новгород 173025 Россия	Кафе/бары/рестораны	Кафе/бары/рестораны	2020-10-22
57.990707	31.354809	кафе "Башня"	ул. Гостинодворская, 2, Старая Русса 175202 Россия	Кафе/бары/рестораны	Кафе/бары/рестораны	2020-10-22
58.539185	31.300896	Паб Стейк Хаус "Oлдхэм"	ул. Большая Московская, д. 55, Великий Новгород 173023 Россия	Кафе/бары/рестораны	Кафе/бары/рестораны	2020-10-22
57.956802	33.254616	Подворье	Выскодно 1 ул.,, Валдай Россия	Кафе/бары/рестораны	Кафе/бары/рестораны	2020-10-22
58.54319	31.24386	Семейное кафе Гурметто	Ломоносова 37, Великий Новгород 173023 Россия	Кафе/бары/рестораны	Кафе/бары/рестораны	2020-10-22
58.518517	31.271564	Кафе Остров Черепах	ул. Мерецкова-Волосова, 6, Великий Новгород 173007 Россия	Кафе/бары/рестораны	Кафе/бары/рестораны	2020-10-22
58.035717	33.25659	Рыбный Ресторан "Клевое Место"	396 км. от Москвы по трассе м10/e105. Поворт направо по указателю "Долгие Бороды". Ориентир - пост ГАИ, на ~8 километре поворот направо по указателю «Клёвое Место», Валдай 175400 Россия	Кафе/бары/рестораны	Кафе/бары/рестораны	2020-10-22
58.5229	31.28512	Усадьба	ул. Фёдоровский ручей, д. 6, Великий Новгород 173004 Россия	Кафе/бары/рестораны	Кафе/бары/рестораны	2020-10-22
58.531746	31.269108	Васаби	ул. Большая Санкт-Петербургская, д. 23, Великий Новгород 173003 Россия	Кафе/бары/рестораны	Кафе/бары/рестораны	2020-10-22
58.524773	31.272104	Державный	ул. Газон, д. 5/2, Великий Новгород 173000 Россия	Кафе/бары/рестораны	Кафе/бары/рестораны	2020-10-22
58.38585	33.89966	Олимп	Спасская площадь, 4, Боровичи 174411 Россия	Кафе/бары/рестораны	Кафе/бары/рестораны	2020-10-22
58.53638	31.29192	Галерея	Студенческая ул., 2, Великий Новгород 173014 Россия	Кафе/бары/рестораны	Кафе/бары/рестораны	2020-10-22
58.53172	31.240257	Барашки	Попова, 2/22, Великий Новгород 173000 Россия	Кафе/бары/рестораны	Кафе/бары/рестораны	2020-10-22
58.39107	33.91287	Любимая Чашка	ул.Подбельского, 6, Боровичи 174411 Россия	Кафе/бары/рестораны	Кафе/бары/рестораны	2020-10-22
58.51638	31.273941	Ресторанный комплекс MAY	ул. Троицкая, д.3, Великий Новгород 173007 Россия	Кафе/бары/рестораны	Кафе/бары/рестораны	2020-10-22
58.559475	31.273691	Скатерть-Самобранка	ул. Большая Санкт-Петербургская, 95\\1, Великий Новгород 173000 Россия	Кафе/бары/рестораны	Кафе/бары/рестораны	2020-10-22
58.549824	31.310352	ВГости	Большая Московская улица, 126, Великий Новгород 173020 Россия	Кафе/бары/рестораны	Кафе/бары/рестораны	2020-10-22
58.52508	31.27169	Золотой ковш	Новолучанская, 14, Великий Новгород 173001 Россия	Кафе/бары/рестораны	Кафе/бары/рестораны	2020-10-22
58.52344	31.26274	Додо пицца	ул. Чудинцева, 11/62, Великий Новгород 173007 Россия	Кафе/бары/рестораны	Кафе/бары/рестораны	2020-10-22
58.52711	31.27083	Акрон	Предтеченская, 24, Великий Новгород 173007 Россия	Кафе/бары/рестораны	Кафе/бары/рестораны	2020-10-22
58.515377	31.285954	На Старом Рынке	Михайлова, 3, Великий Новгород 173000 Россия	Кафе/бары/рестораны	Кафе/бары/рестораны	2020-10-22
57.99125	31.361082	Полисть	ул.Энгельса, д.20, Старая Русса Россия	Кафе/бары/рестораны	Кафе/бары/рестораны	2020-10-22
58.36844	32.0666	Зайцева гора	ул. Центральная, 139, Зайцево 175453 Россия	Кафе/бары/рестораны	Кафе/бары/рестораны	2020-10-22
58.52589	31.27429	Борщи	Большая Санкт-Петербургская, 5/1, Великий Новгород 173001 Россия	Кафе/бары/рестораны	Кафе/бары/рестораны	2020-10-22
58.52569	31.292025	My Kitchen	ул. Большая Московская, 52/9, Великий Новгород 173000 Россия	Кафе/бары/рестораны	Кафе/бары/рестораны	2020-10-22
57.99161	31.359343	SOVA	Тимура Фрунзе,  д.4а, Старая Русса 175204 Россия	Кафе/бары/рестораны	Кафе/бары/рестораны	2020-10-22
58.546425	31.23075	Скорофуд  Еда&Мьюзик БугиВуги	Кочетова 1А, Великий Новгород Россия	Кафе/бары/рестораны	Кафе/бары/рестораны	2020-10-22
58.39063	33.91183	Пельменная	ул. Подбельского, 13, Боровичи Россия	Кафе/бары/рестораны	Кафе/бары/рестораны	2020-10-22
58.52632	31.2806	Пицерия "Джойя"	ул. Великая, д. 11/10 изменение  сайта, Великий Новгород 173001 Россия	Кафе/бары/рестораны	Кафе/бары/рестораны	2020-10-22
58.52632	31.2806	Милена	Великая, 3, Великий Новгород 173001 Россия	Кафе/бары/рестораны	Кафе/бары/рестораны	2020-10-22
58.52589	31.27429	Веснянка	Большая Санкт-Петербургская, 9, Великий Новгород 173001 Россия	Кафе/бары/рестораны	Кафе/бары/рестораны	2020-10-22
58.53655	31.29171	На Солнце	Студенческая, 2, Великий Новгород 173014 Россия	Кафе/бары/рестораны	Кафе/бары/рестораны	2020-10-22
58.53342	31.2695	Столовка	Набережная реки Гзень, 5, Великий Новгород 173003 Россия	Кафе/бары/рестораны	Кафе/бары/рестораны	2020-10-22
58.529453	31.284264	Terraza	ул. Великая, д. 14а, Великий Новгород 173001 Россия	Кафе/бары/рестораны	Кафе/бары/рестораны	2020-10-22
58.52589	31.27429	Акрополь "ГИРОС"	ул. Большая Санкт-Петербургская, 26, Великий Новгород 173003 Россия	Кафе/бары/рестораны	Кафе/бары/рестораны	2020-10-22
58.51422	31.250275	ПерSона	улица Батецкая, 22, Великий Новгород 173015 Россия	Кафе/бары/рестораны	Кафе/бары/рестораны	2020-10-22
58.27994	32.447388	Cafe Voyage	M-10, Moscow - Saint Petersburg Hwy., 451 km, Долгий Мост 606860 Россия	Кафе/бары/рестораны	Кафе/бары/рестораны	2020-10-22
58.51617	31.28572	Турецкий DonaR	Большая Московская, 25, Великий Новгород 173004 Россия	Кафе/бары/рестораны	Кафе/бары/рестораны	2020-10-22
58.52589	31.27429	Бавария	Большая Санкт-Петербургская, 21, Великий Новгород 173001 Россия	Кафе/бары/рестораны	Кафе/бары/рестораны	2020-10-22
58.537083	31.271221	Лофт бар «ДОМ БЫТА»	Набережная реки Гзень, 5, Великий Новгород 173003 Россия	Кафе/бары/рестораны	Кафе/бары/рестораны	2020-10-22
58.545563	31.245146	Bar XXX	Александра Корсунова проспект, 14a, Великий Новгород 173000 Россия	Кафе/бары/рестораны	Кафе/бары/рестораны	2020-10-22
58.38763	33.90541	Летний сад	Проезд Гагарина, 4, Боровичи 174411 Россия	Кафе/бары/рестораны	Кафе/бары/рестораны	2020-10-22
58.53638	31.29192	Шкипер	Студенческая, 2а, Великий Новгород 173020 Россия	Кафе/бары/рестораны	Кафе/бары/рестораны	2020-10-22
58.53879	31.27152	Кафе на Великой	ул. Великая, д. 23, Великий Новгород Россия	Кафе/бары/рестораны	Кафе/бары/рестораны	2020-10-22
58.524178	31.241968	Кафе "ПАПОРОТНИК"	Нехинская, 8, Великий Новгород 173021 Россия	Кафе/бары/рестораны	Кафе/бары/рестораны	2020-10-22
58.520763	31.282722	Ресторан Русская Душа	наб. Александра Невского, 22/1, Великий Новгород 173000 Россия	Кафе/бары/рестораны	Кафе/бары/рестораны	2020-10-22
58.5236	31.28569	Арго	Набережная Александра Невского, 28, Великий Новгород 173004 Россия	Кафе/бары/рестораны	Кафе/бары/рестораны	2020-10-22
57.97353	33.25793	Флагман	Советский Проспект, 27, Валдай 175400 Россия	Кафе/бары/рестораны	Кафе/бары/рестораны	2020-10-22
58.52632	31.2806	Чайная Ложка	Великая, 22а, Великий Новгород 173003 Россия	Кафе/бары/рестораны	Кафе/бары/рестораны	2020-10-22
57.99739	31.3616	Кулинария	ул. Минеральная, 45А, Старая Русса 175202 Россия	Кафе/бары/рестораны	Кафе/бары/рестораны	2020-10-22
57.97789	33.25737	Кафе Горянка	ул. Луначарского, 5б, Валдай 175400 Россия	Кафе/бары/рестораны	Кафе/бары/рестораны	2020-10-22
58.54205	31.22419	Камелот	ул. Кочетова, д. 10, Великий Новгород 173024 Россия	Кафе/бары/рестораны	Кафе/бары/рестораны	2020-10-22
57.978428	33.253662	Урарту	ул. Октябрьская, 2, Валдай 175400 Россия	Кафе/бары/рестораны	Кафе/бары/рестораны	2020-10-22
58.514973	31.235443	Кофемолка	Октябрьская 1/1 неверно указан на карте города, Великий Новгород 173000 Россия	Кафе/бары/рестораны	Кафе/бары/рестораны	2020-10-22
58.521965	31.268806	Кафе-Бар Beavers	ул. Мерецкова-Волосова,  1/1, Великий Новгород 173007 Россия	Кафе/бары/рестораны	Кафе/бары/рестораны	2020-10-22
58.39158	33.908146	EatWellCafe	Коммунарная, 63, Боровичи 174411 Россия	Кафе/бары/рестораны	Кафе/бары/рестораны	2020-10-22
58.53858	31.29297	Золотая Подкова	Парковая, 5 к1, Великий Новгород 173014 Россия	Кафе/бары/рестораны	Кафе/бары/рестораны	2020-10-22
58.390163	33.90784	Рестобар ЮлА	Дзержинского, 8, Боровичи 174411 Россия	Кафе/бары/рестораны	Кафе/бары/рестораны	2020-10-22
58.52181	31.26978	На Причале	Софийская Набережная, 3, Великий Новгород 173007 Россия	Кафе/бары/рестораны	Кафе/бары/рестораны	2020-10-22
58.52589	31.27429	Макдоналдс	Большая Санкт-Петербургская, 61, Великий Новгород 173003 Россия	Кафе/бары/рестораны	Кафе/бары/рестораны	2020-10-22
58.517593	31.246136	Доминион	Октябрьская, 10а, Великий Новгород 173015 Россия	Кафе/бары/рестораны	Кафе/бары/рестораны	2020-10-22
58.530792	31.232449	KFC	Мира проспект, 33/1, Великий Новгород 173021 Россия	Кафе/бары/рестораны	Кафе/бары/рестораны	2020-10-22
58.796036	33.38509	Любытино-Хутор	п. Любытино Россия	Кафе/бары/рестораны	Кафе/бары/рестораны	2020-10-22
58.538143	31.264107	КофеМолка	ул.  Большая Санкт-Петербургская, 39к, Великий Новгород 173003 Россия	Кафе/бары/рестораны	Кафе/бары/рестораны	2020-10-22
58.52572	31.273806	Кофейня Монокль	Большая Санкт-Петербургская, д. 1/7, Великий Новгород 173000 Россия	Кафе/бары/рестораны	Кафе/бары/рестораны	2020-10-22
58.518143	31.286741	Кафе Jazz & Blues	ул. Большая Московская, 14, Великий Новгород Россия	Кафе/бары/рестораны	Кафе/бары/рестораны	2020-10-22
58.52181	31.26978	Екатерининская горка	Софийская Набережная, 1а, Великий Новгород 173007 Россия	Кафе/бары/рестораны	Кафе/бары/рестораны	2020-10-22
58.52735	31.30128	Крафти Пицца	Народная, 8а, Великий Новгород 173014 Россия	Кафе/бары/рестораны	Кафе/бары/рестораны	2020-10-22
58.49733	31.21233	Марвел	ул. Речная, 8, Великий Новгород 173009 Россия	Кафе/бары/рестораны	Кафе/бары/рестораны	2020-10-22
58.53177	31.23413	Альянс	Попова, 10, Великий Новгород 173025 Россия	Кафе/бары/рестораны	Кафе/бары/рестораны	2020-10-22
58.53633	31.29226	Ладья	ул. Антоново, д. 3/1, Великий Новгород 173014 Россия	Кафе/бары/рестораны	Кафе/бары/рестораны	2020-10-22
59.123055	31.63824	Бургер-Кинг	581-й км автодороги Москва - Санкт-Петербург, Чудово 174210 Россия	Кафе/бары/рестораны	Кафе/бары/рестораны	2020-10-22
58.52589	31.27429	Полюс	Большая Санкт-Петербургская, 62, Великий Новгород 173003 Россия	Кафе/бары/рестораны	Кафе/бары/рестораны	2020-10-22
58.52589	31.27429	Тысяча и одна ночь	Большая Санкт-Петербургская, 42, Великий Новгород 173003 Россия	Кафе/бары/рестораны	Кафе/бары/рестораны	2020-10-22
58.54641	31.230764	Буги Вуги	Кочетова 1А, Великий Новгород 173000 Россия	Кафе/бары/рестораны	Кафе/бары/рестораны	2020-10-22
57.98656	33.2556	Лукоморье	ул. Ломоносова, 70, Валдай 175400 Россия	Кафе/бары/рестораны	Кафе/бары/рестораны	2020-10-22
56.359158	44.052254	Coffee Like	улица Ленина, 113Б, Бор 606440 Россия	Кафе/бары/рестораны	Кафе/бары/рестораны	2020-10-22
58.52007	31.26814	Столовая	Прусская, 24, Великий Новгород 173015 Россия	Кафе/бары/рестораны	Кафе/бары/рестораны	2020-10-22
58.52834	31.293465	Счастливая Пекарня	Большая Московская, 35/10, Великий Новгород 173000 Россия	Кафе/бары/рестораны	Кафе/бары/рестораны	2020-10-22
58.52589	31.27429	Матрешка	ул. Большая Санкт-Петербургская, д. 102, Великий Новгород 173008 Россия	Кафе/бары/рестораны	Кафе/бары/рестораны	2020-10-22
58.5652	31.2816	Кураж	Щусева, 12 корп. 1, Великий Новгород 173008 Россия	Кафе/бары/рестораны	Кафе/бары/рестораны	2020-10-22
58.52273	31.24465	А.З.С.	Нехинская, 32, Великий Новгород 173021 Россия	Кафе/бары/рестораны	Кафе/бары/рестораны	2020-10-22
58.6009	35.82284	Суши Фуд	Устюженское шоссе, д. 2, Пестово 174511 Россия	Кафе/бары/рестораны	Кафе/бары/рестораны	2020-10-22
58.010586	33.090454	2СВ2	М10, Nemchinova Gora 175431 Россия	Кафе/бары/рестораны	Кафе/бары/рестораны	2020-10-22
58.38898	33.91844	КофеМолка	Алексея Кузнецова, 64а, Боровичи 174411 Россия	Кафе/бары/рестораны	Кафе/бары/рестораны	2020-10-22
58.39038	33.910652	Счастливая Пекарня	Подбельского, 3б, Боровичи 174411 Россия	Кафе/бары/рестораны	Кафе/бары/рестораны	2020-10-22
58.3925	33.906647	Giza	Sushanskaya, 6b, Боровичи 174403 Россия	Кафе/бары/рестораны	Кафе/бары/рестораны	2020-10-22
58.843407	32.22584	Кафе БургерФорт	49К-13, Малая Вишера Россия	Кафе/бары/рестораны	Кафе/бары/рестораны	2020-10-22
58.389473	33.891006	Кафе Ледового дворца Металлург	Ленинградская, 76, Боровичи 174411 Россия	Кафе/бары/рестораны	Кафе/бары/рестораны	2020-10-22
57.97484	33.25477	Суши Фуд	пр. Комсомольский, 61, Валдай 175400 Россия	Кафе/бары/рестораны	Кафе/бары/рестораны	2020-10-22
58.51617	31.28572	Arigato	Большая Московская, 20, Великий Новгород 173000 Россия	Кафе/бары/рестораны	Кафе/бары/рестораны	2020-10-22
58.51617	31.28572	Диалог	ул. Большая Московская, 37, Великий Новгород 173004 Россия	Кафе/бары/рестораны	Кафе/бары/рестораны	2020-10-22
58.50747	31.236792	Погребок Флинта	Речная, 1, Великий Новгород 173009 Россия	Кафе/бары/рестораны	Кафе/бары/рестораны	2020-10-22
58.54209	31.27762	Yambox	Колмовская наб., д.3, Великий Новгород 173003 Россия	Кафе/бары/рестораны	Кафе/бары/рестораны	2020-10-22
58.53619	31.220407	Центр Суши	ул. Кочетова, 20 ГМ Магнит, Великий Новгород 173025 Россия	Кафе/бары/рестораны	Кафе/бары/рестораны	2020-10-22
58.52476	31.24501	Ворлд Бир	Завокзальная, 7, Великий Новгород 173015 Россия	Кафе/бары/рестораны	Кафе/бары/рестораны	2020-10-22
58.51617	31.28572	Пив & Ко	Большая Московская, 84, Великий Новгород 173020 Россия	Кафе/бары/рестораны	Кафе/бары/рестораны	2020-10-22
58.53638	31.29192	Бадемус	Студенческая, 2, Великий Новгород 173020 Россия	Кафе/бары/рестораны	Кафе/бары/рестораны	2020-10-22
58.53342	31.2695	Закусочная	Набережная реки Гзень, 2а, Великий Новгород 173003 Россия	Кафе/бары/рестораны	Кафе/бары/рестораны	2020-10-22
58.52391	31.25871	Идеал	Псковская, 48, Великий Новгород 173009 Россия	Кафе/бары/рестораны	Кафе/бары/рестораны	2020-10-22
58.51617	31.28572	Бир Хауз	Большая Московская, 112, Великий Новгород 173020 Россия	Кафе/бары/рестораны	Кафе/бары/рестораны	2020-10-22
58.52391	31.25871	Кофемолка	ул.Псковская 11, Великий Новгород Россия	Кафе/бары/рестораны	Кафе/бары/рестораны	2020-10-22
58.493496	31.20344	На Объездной	ул. Индустриальная, д. 11, Великий Новгород 173526 Россия	Кафе/бары/рестораны	Кафе/бары/рестораны	2020-10-22
58.51986	31.258	Фортуна	Юннатов пер, 1, Великий Новгород 173015 Россия	Кафе/бары/рестораны	Кафе/бары/рестораны	2020-10-22
58.50643	31.23393	Корица	Луговая 7, Великий Новгород Россия	Кафе/бары/рестораны	Кафе/бары/рестораны	2020-10-22
58.52624	31.27501	Вкусняшки	ул. Розважа, 13, Великий Новгород Россия	Кафе/бары/рестораны	Кафе/бары/рестораны	2020-10-22
58.56812	31.31429	Палуба	ул. Школьная, 6, Великий Новгород 174210 Россия	Кафе/бары/рестораны	Кафе/бары/рестораны	2020-10-22
58.54552	31.23465	Сушишоп	Мира, 21, Великий Новгород Россия	Кафе/бары/рестораны	Кафе/бары/рестораны	2020-10-22
58.515263	31.238043	Мечта	ул. Октябрьская, 2, Великий Новгород 173526 Россия	Кафе/бары/рестораны	Кафе/бары/рестораны	2020-10-22
58.51617	31.28572	Сушишоп	Большая московская, 112, Великий Новгород 173020 Россия	Кафе/бары/рестораны	Кафе/бары/рестораны	2020-10-22
58.52589	31.27429	Закусочная	Большая Санкт-Петербургская, 32, Великий Новгород 173003 Россия	Кафе/бары/рестораны	Кафе/бары/рестораны	2020-10-22
58.53787	31.29243	Антоново	Парковая, 5/1, Великий Новгород 173020 Россия	Кафе/бары/рестораны	Кафе/бары/рестораны	2020-10-22
58.54339	31.2601	Спорт Бар "Пивная Лига"	Большая Санкт-Петербургская 43а, Великий Новгород 173001 Россия	Кафе/бары/рестораны	Кафе/бары/рестораны	2020-10-22
58.51617	31.28572	РестоДискоБар REX	Ул. Московская, 55, Великий Новгород 173000 Россия	Кафе/бары/рестораны	Кафе/бары/рестораны	2020-10-22
58.57658	31.28855	Пончики	444 км а/д М10 "Россия", Великий Новгород 175462 Россия	Кафе/бары/рестораны	Кафе/бары/рестораны	2020-10-22
58.52965	31.270191	Трюфель	Набережная Александра  Невского 28, Великий Новгород 173004 Россия	Кафе/бары/рестораны	Кафе/бары/рестораны	2020-10-22
58.52589	31.27429	ТРИ СОУСА	Большая Санкт-Петербургская, 33, Великий Новгород 173003 Россия	Кафе/бары/рестораны	Кафе/бары/рестораны	2020-10-22
58.54337	31.2509	1000 и одна ночь	Александра Корсунова проспект, 32а, Великий Новгород 173024 Россия	Кафе/бары/рестораны	Кафе/бары/рестораны	2020-10-22
58.52589	31.27429	Встреча	Большая Санкт-Петербургская, 21, Великий Новгород 173001 Россия	Кафе/бары/рестораны	Кафе/бары/рестораны	2020-10-22
58.54552	31.23465	Адепт	Мира проспект, 4, Великий Новгород 173024 Россия	Кафе/бары/рестораны	Кафе/бары/рестораны	2020-10-22
58.51617	31.28572	Жара	Большая Московская, 41, Великий Новгород 173020 Россия	Кафе/бары/рестораны	Кафе/бары/рестораны	2020-10-22
58.53638	31.29192	Зелёный огонёк	Студенческая, 31, Великий Новгород 173020 Россия	Кафе/бары/рестораны	Кафе/бары/рестораны	2020-10-22
58.54026	31.26045	Кабриолет	Большая Санкт-Петербургская, 41 к7, Великий Новгород 173003 Россия	Кафе/бары/рестораны	Кафе/бары/рестораны	2020-10-22
58.546227	31.22991	Лагуна	Кочетова, 6 к3, Великий Новгород 173024 Россия	Кафе/бары/рестораны	Кафе/бары/рестораны	2020-10-22
58.55552	31.26207	Оазис	Рабочая, 25а, Великий Новгород 173008 Россия	Кафе/бары/рестораны	Кафе/бары/рестораны	2020-10-22
58.52304	31.24655	Подкова	Нехинская, 24 к1, Великий Новгород 173021 Россия	Кафе/бары/рестораны	Кафе/бары/рестораны	2020-10-22
58.37529	33.29618	Суши Фуд	Больничный пер., 1, Окуловка 174353 Россия	Кафе/бары/рестораны	Кафе/бары/рестораны	2020-10-22
58.00365	31.36322	Аура	ул. Поперечная, 34, Старая Русса 175202 Россия	Кафе/бары/рестораны	Кафе/бары/рестораны	2020-10-22
57.99144	31.355558	Рушане	Кириллова д.14, Старая Русса 175202 Россия	Кафе/бары/рестораны	Кафе/бары/рестораны	2020-10-22
58.54092	31.24219	Павлин	Свободы, 7а, Великий Новгород 173023 Россия	Кафе/бары/рестораны	Кафе/бары/рестораны	2020-10-22
58.55552	31.26207	Рабочий полдень	Рабочая, 42Б, Великий Новгород 173008 Россия	Кафе/бары/рестораны	Кафе/бары/рестораны	2020-10-22
58.52273	31.24465	Плакучая Ива	Нехинская, 57, Великий Новгород 173021 Россия	Кафе/бары/рестораны	Кафе/бары/рестораны	2020-10-22
58.54337	31.2509	Причал	Александра Корсунова проспект, 30, Великий Новгород 173024 Россия	Кафе/бары/рестораны	Кафе/бары/рестораны	2020-10-22
58.52589	31.27429	Три желания	Большая Санкт-Петербургская, 42, Великий Новгород 173003 Россия	Кафе/бары/рестораны	Кафе/бары/рестораны	2020-10-22
58.546307	31.271008	Столовая "Проектстрой"	ул. Большая Санкт-Петербургская, 74, Великий Новгород 173000 Россия	Кафе/бары/рестораны	Кафе/бары/рестораны	2020-10-22
58.51617	31.28572	Филин	Большая Московская, 112, Великий Новгород 173020 Россия	Кафе/бары/рестораны	Кафе/бары/рестораны	2020-10-22
58.54092	31.24219	Дружба	Свободы, 25, Великий Новгород 173024 Россия	Кафе/бары/рестораны	Кафе/бары/рестораны	2020-10-22
58.54092	31.24219	Шансон	Свободы, 25, Великий Новгород 173024 Россия	Кафе/бары/рестораны	Кафе/бары/рестораны	2020-10-22
58.51617	31.28572	Джасмин	Большая Московская, 114а, Великий Новгород 173020 Россия	Кафе/бары/рестораны	Кафе/бары/рестораны	2020-10-22
58.54552	31.23465	Кошелёк	Мира проспект, 33а, Великий Новгород 173021 Россия	Кафе/бары/рестораны	Кафе/бары/рестораны	2020-10-22
58.54319	31.24386	Антракт	ул. Ломоносова, д. 22а, Великий Новгород 173021 Россия	Кафе/бары/рестораны	Кафе/бары/рестораны	2020-10-22
58.52392	31.25846	Винни Вино Бар	Псковская, 16, Великий Новгород 173015 Россия	Кафе/бары/рестораны	Кафе/бары/рестораны	2020-10-22
58.53959	31.23512	Емеля	Мира проспект, 21/1, Великий Новгород 173025 Россия	Кафе/бары/рестораны	Кафе/бары/рестораны	2020-10-22
58.52545	31.26068	Ontre	Воскресенский бульвар, 9 к1, Великий Новгород 173002 Россия	Кафе/бары/рестораны	Кафе/бары/рестораны	2020-10-22
58.531597	31.230913	Cafe Valentia	пр. Мира, 32/1, Великий Новгород 173001 Россия	Кафе/бары/рестораны	Кафе/бары/рестораны	2020-10-22
58.51696	31.30004	Панковка	ул. Первомайская, 2, Великий Новгород 173526 Россия	Кафе/бары/рестораны	Кафе/бары/рестораны	2020-10-22
58.55552	31.26207	Домашний Уют	Рабочая, 49, Великий Новгород 173008 Россия	Кафе/бары/рестораны	Кафе/бары/рестораны	2020-10-22
58.510086	31.234728	Сушишоп	Псковская, 44, Великий Новгород Россия	Кафе/бары/рестораны	Кафе/бары/рестораны	2020-10-22
58.53175	31.23965	Пивной Кабачок	Попова, 10, Великий Новгород 173025 Россия	Кафе/бары/рестораны	Кафе/бары/рестораны	2020-10-22
58.52545	31.26068	Сушишоп	Воскресенский, 12, Великий Новгород Россия	Кафе/бары/рестораны	Кафе/бары/рестораны	2020-10-22
58.52915	31.27266	Милана	Мининский пер, 3, Великий Новгород 173001 Россия	Кафе/бары/рестораны	Кафе/бары/рестораны	2020-10-22
58.54072	31.245474	Глазурь	ул. Ломоносова, 9/1, Великий Новгород 173016 Россия	Кафе/бары/рестораны	Кафе/бары/рестораны	2020-10-22
58.527054	31.273638	Олимпия	Большая Санкт-Петербургская, 6, Великий Новгород 173003 Россия	Кафе/бары/рестораны	Кафе/бары/рестораны	2020-10-22
58.54337	31.2509	Петра	Александра Корсунова проспект, 18, Великий Новгород 173016 Россия	Кафе/бары/рестораны	Кафе/бары/рестораны	2020-10-22
57.97441	33.25637	Чуду-Пицца	Комсомольский просп., 56, Валдай 175400 Россия	Кафе/бары/рестораны	Кафе/бары/рестораны	2020-10-22
58.53787	31.29243	Долина Вин	Парковая, 8, Великий Новгород 173014 Россия	Кафе/бары/рестораны	Кафе/бары/рестораны	2020-10-22
58.52589	31.27429	кафе-бар "LES"	Б. Санкт-Петербургская, д. 25 правая парковка, ТД "Русь", Великий Новгород 173001 Россия	Кафе/бары/рестораны	Кафе/бары/рестораны	2020-10-22
58.52704	31.26147	Кафе Премиум	ул. Германа, 29, Великий Новгород 173003 Россия	Кафе/бары/рестораны	Кафе/бары/рестораны	2020-10-22
58.53421	31.30735	Ресторан "Лимузин"	ул. Студенческая, д.31, Великий Новгород 173014 Россия	Кафе/бары/рестораны	Кафе/бары/рестораны	2020-10-22
58.54465	31.31647	Бавария	Якова Павлова, 1, Великий Новгород 173011 Россия	Кафе/бары/рестораны	Кафе/бары/рестораны	2020-10-22
58.5652	31.2816	Корсар	Щусева, 9а/1, Великий Новгород 173008 Россия	Кафе/бары/рестораны	Кафе/бары/рестораны	2020-10-22
58.51726	31.25683	Пикник	Прусская, 15 к2, Великий Новгород 173007 Россия	Кафе/бары/рестораны	Кафе/бары/рестораны	2020-10-22
58.12077	30.31298	Суши Фуд	ул. Ленина, 6, Сольцы 175040 Россия	Кафе/бары/рестораны	Кафе/бары/рестораны	2020-10-22
57.97898	33.25716	Место. Валдай	Февральская, 3, Валдай 175400 Россия	Кафе/бары/рестораны	Кафе/бары/рестораны	2020-10-22
57.97512	33.25374	Кафе Уездное	ул. Карла Маркса, 5А, Валдай 175400 Россия	Кафе/бары/рестораны	Кафе/бары/рестораны	2020-10-22
58.53136	31.242842	Lucky Star	ул. Ломоносова, 29, Великий Новгород Россия	Кафе/бары/рестораны	Кафе/бары/рестораны	2020-10-22
57.9929	31.35088	Кафе Анабель	Трибуны ул., 6, Старая Русса 175202 Россия	Кафе/бары/рестораны	Кафе/бары/рестораны	2020-10-22
58.54072	31.26859	Иль-де-Франс	ул. Великая,д. 22, Великий Новгород 173003 Россия	Кафе/бары/рестораны	Кафе/бары/рестораны	2020-10-22
58.48556	31.27918	Исток	Юрьевское шоссе, 18, Великий Новгород 173007 Россия	Кафе/бары/рестораны	Кафе/бары/рестораны	2020-10-22
58.538445	31.266008	Клуб ПАПА БАР	Чудовская, 4, Великий Новгород 173003 Россия	Кафе/бары/рестораны	Кафе/бары/рестораны	2020-10-22
58.51617	31.28572	Тройка	Большая Московская, 106а, Великий Новгород 173020 Россия	Кафе/бары/рестораны	Кафе/бары/рестораны	2020-10-22
58.51617	31.28572	Погребок Флинта	Московская, 10, Великий Новгород 173020 Россия	Кафе/бары/рестораны	Кафе/бары/рестораны	2020-10-22
58.533	31.29828	Русский лес	Московская, 55, Великий Новгород 173014 Россия	Кафе/бары/рестораны	Кафе/бары/рестораны	2020-10-22
58.52391	31.25871	Кингс Шаверма	Псковская, 47а, Великий Новгород 173009 Россия	Кафе/бары/рестораны	Кафе/бары/рестораны	2020-10-22
58.515263	31.238043	Жар-птица	Октябрьская, 3, Великий Новгород 173002 Россия	Кафе/бары/рестораны	Кафе/бары/рестораны	2020-10-22
58.52735	31.30128	Аленушка	Народная, 8а, Великий Новгород 173014 Россия	Кафе/бары/рестораны	Кафе/бары/рестораны	2020-10-22
58.54464	31.3067	Астролинк	Державина, 13, Великий Новгород 173020 Россия	Кафе/бары/рестораны	Кафе/бары/рестораны	2020-10-22
57.998974	31.35421	Суши Фуд	ул. Поперечная, 28, Старая Русса 175202 Россия	Кафе/бары/рестораны	Кафе/бары/рестораны	2020-10-22
58.54337	31.2509	Кубышка	Александра Корсунова проспект, 14в, Великий Новгород 173016 Россия	Кафе/бары/рестораны	Кафе/бары/рестораны	2020-10-22
58.28121	32.444675	Папина Дача	дом 18, Долгий Мост 175460 Россия	Кафе/бары/рестораны	Кафе/бары/рестораны	2020-10-22
57.99739	31.3616	Граф Муравьев	ул. Минеральная, д. 62, курорт «Старая Русса», корпус 10, Старая Русса Россия	Кафе/бары/рестораны	Кафе/бары/рестораны	2020-10-22
58.2103	30.71904	Престиж	ул Советская 2, Шимск 174150 Россия	Кафе/бары/рестораны	Кафе/бары/рестораны	2020-10-22
59.12489	31.67124	Кабуки	ул. Титова, 8, Чудово 174210 Россия	Кафе/бары/рестораны	Кафе/бары/рестораны	2020-10-22
58.51617	31.28572	На Славне	Большая Московская, 18, Великий Новгород 173000 Россия	Кафе/бары/рестораны	Кафе/бары/рестораны	2020-10-22
58.54319	31.24386	Пляж Мармелад	ул. Ломоносова 29 ТРЦ Мармелад, 4 этаж, Великий Новгород 173016 Россия	Кафе/бары/рестораны	Кафе/бары/рестораны	2020-10-22
58.52589	31.27429	Трансвит	Большая Санкт-Петербургская, 51, Великий Новгород 173003 Россия	Кафе/бары/рестораны	Кафе/бары/рестораны	2020-10-22
58.52589	31.27429	KFC	Большая Санкт-Петербургская, 25, Великий Новгород 173003 Россия	Кафе/бары/рестораны	Кафе/бары/рестораны	2020-10-22
58.528492	31.271431	Старый Замок	Большая Санкт-Петербургская, 11, Великий Новгород 173001 Россия	Кафе/бары/рестораны	Кафе/бары/рестораны	2020-10-22
57.98541	31.37387	Ресторан Визави	ул.Минеральная 59А Гостиница Визави, Старая Русса Россия	Кафе/бары/рестораны	Кафе/бары/рестораны	2020-10-22
57.973946	33.267433	Тропикана	ул. Молотковская, 2, Валдай 175400 Россия	Кафе/бары/рестораны	Кафе/бары/рестораны	2020-10-22
58.52304	31.24655	Шарлотка	Нехинская, 30а, Великий Новгород 173021 Россия	Кафе/бары/рестораны	Кафе/бары/рестораны	2020-10-22
58.53638	31.29192	Ресторан Береста (отель Береста Палас)	ул. Студенческая, 2, Великий Новгород Россия	Кафе/бары/рестораны	Кафе/бары/рестораны	2020-10-22
58.52693	31.272936	Джаганнат	ул. Б.С.-Петербургская, д.5, Великий Новгород 173001 Россия	Кафе/бары/рестораны	Кафе/бары/рестораны	2020-10-22
58.55272	31.26611	Бест Тайм Ресторан & бар	Сырковское шоссе, 2А Колмово Сити, Великий Новгород 173008 Россия	Кафе/бары/рестораны	Кафе/бары/рестораны	2020-10-22
58.386047	33.901646	Майкрофт паб	пл. Спасская, 1, Боровичи Россия	Кафе/бары/рестораны	Кафе/бары/рестораны	2020-10-22
57.926888	33.583893	Полпути	368 км трассы М-10, Едрово 175429 Россия	Кафе/бары/рестораны	Кафе/бары/рестораны	2020-10-22
58.532753	31.260357	Кафе-гостевая Варенье	ул. Германа, д. 25, Великий Новгород 173000 Россия	Кафе/бары/рестораны	Кафе/бары/рестораны	2020-10-22
58.53638	31.29192	Казинаки-Сити	Студенческая, 2, Великий Новгород 173020 Россия	Кафе/бары/рестораны	Кафе/бары/рестораны	2020-10-22
58.52508	31.27169	Plaza	Новолучанская, 7, Великий Новгород 173001 Россия	Кафе/бары/рестораны	Кафе/бары/рестораны	2020-10-22
58.519974	31.28452	Харчевня Ганзейский погребок	Ул. Дворцовая, 1, Великий Новгород Россия	Кафе/бары/рестораны	Кафе/бары/рестораны	2020-10-22
58.52277	31.29179	Бриг	Фёдоровский ручей, 2/13 к1, Великий Новгород 173004 Россия	Кафе/бары/рестораны	Кафе/бары/рестораны	2020-10-22
58.53821	31.222952	Охотничьи байки	Зелинского, 37, Великий Новгород 173025 Россия	Кафе/бары/рестораны	Кафе/бары/рестораны	2020-10-22
58.52589	31.27429	City	Большая Санкт-Петербургская, 30, Великий Новгород 173003 Россия	Кафе/бары/рестораны	Кафе/бары/рестораны	2020-10-22
58.53936	31.23621	Баскин Роббинс	Мира проспект, 13 к1, Великий Новгород 173025 Россия	Кафе/бары/рестораны	Кафе/бары/рестораны	2020-10-22
58.53258	31.27718	Гринсливс	Мусы Джалиля Духовская 23а, Великий Новгород Россия	Кафе/бары/рестораны	Кафе/бары/рестораны	2020-10-22
58.52632	31.2806	Интурист	ул. Великая, 16, Великий Новгород Россия	Кафе/бары/рестораны	Кафе/бары/рестораны	2020-10-22
58.5229	31.28512	Ресторан Садко	Фёдоровский ручей, 16, Великий Новгород 173004 Россия	Кафе/бары/рестораны	Кафе/бары/рестораны	2020-10-22
58.51489	31.28584	Ресторан АМАКС "Россия"	Набережная Александра Невского, 19/1, Великий Новгород 173000 Россия	Кафе/бары/рестораны	Кафе/бары/рестораны	2020-10-22
58.52589	31.27429	Волна	Большая Санкт-Петербургская, 39, Великий Новгород 173003 Россия	Кафе/бары/рестораны	Кафе/бары/рестораны	2020-10-22
58.525078	31.273975	Центральная кофейня	ул. Газон, 2, Великий Новгород 173001 Россия	Кафе/бары/рестораны	Кафе/бары/рестораны	2020-10-22
57.98011	33.25329	Услада	ул. Ленина, д. 24/48, Валдай 175400 Россия	Кафе/бары/рестораны	Кафе/бары/рестораны	2020-10-22
58.51717	31.28445	Кафе ОГУРЕЦ	Ул. Никольская 4, Великий Новгород Россия	Кафе/бары/рестораны	Кафе/бары/рестораны	2020-10-22
58.52861	31.27977	Азия	Яковлева, 22, Великий Новгород 173001 Россия	Кафе/бары/рестораны	Кафе/бары/рестораны	2020-10-22
58.527412	31.279917	Хоумбар	Великая, 5/2, Великий Новгород Россия	Кафе/бары/рестораны	Кафе/бары/рестораны	2020-10-22
58.537	31.26615	ДОМ БЫТА	Большая Санкт-Петербургская, 28, Великий Новгород 173003 Россия	Кафе/бары/рестораны	Кафе/бары/рестораны	2020-10-22
58.54029	31.309729	Ассорти	ул. Рахманинова, д. 10, Великий Новгород 173020 Россия	Кафе/бары/рестораны	Кафе/бары/рестораны	2020-10-22
58.52391	31.25871	Тертый Калач	Псковская, 2, Великий Новгород 173015 Россия	Кафе/бары/рестораны	Кафе/бары/рестораны	2020-10-22
57.99739	31.3616	Пиццерия	Ул. Минеральная, 38, Старая Русса 175201 Россия	Кафе/бары/рестораны	Кафе/бары/рестораны	2020-10-22
58.524693	31.265558	Грузинский Дворик	Людогоща, 8, Великий Новгород 173001 Россия	Кафе/бары/рестораны	Кафе/бары/рестораны	2020-10-22
59.127186	31.686703	Кафе "Ануш"	ул. Троицкая, д. 3/1, Чудово 174211 Россия	Кафе/бары/рестораны	Кафе/бары/рестораны	2020-10-22
57.994526	31.348467	Крафтовый Паб 1984	Санкт Петербургская, 10, Старая Русса 175202 Россия	Кафе/бары/рестораны	Кафе/бары/рестораны	2020-10-22
58.52801	31.253311	Макдоналдс	Октябрьская, 11, Великий Новгород 173002 Россия	Кафе/бары/рестораны	Кафе/бары/рестораны	2020-10-22
58.53772	31.260742	ПиццаФабрика - Семейное кафе	Большая Санкт-Петербургская улица, 39/22, Великий Новгород 173003 Россия	Кафе/бары/рестораны	Кафе/бары/рестораны	2020-10-22
58.53959	31.23512	Ладушки	Мира проспект, д. 24/1, Великий Новгород 173025 Россия	Кафе/бары/рестораны	Кафе/бары/рестораны	2020-10-22
58.53472	31.266527	Хаси-студия суши	Кооперативная, 2, Великий Новгород 173003 Россия	Кафе/бары/рестораны	Кафе/бары/рестораны	2020-10-22
58.518726	31.28788	НАШЕ кафе	ул. Ильина, д. 8, Великий Новгород 173000 Россия	Кафе/бары/рестораны	Кафе/бары/рестораны	2020-10-22
58.48964	31.271036	Юрьевское Подворье	Юрьевское шоссе, д. 6а, Великий Новгород 175000 Россия	Кафе/бары/рестораны	Кафе/бары/рестораны	2020-10-22
58.5412	31.230843	Bандам Бар	ул. Свободы 25, Великий Новгород 173000 Россия	Кафе/бары/рестораны	Кафе/бары/рестораны	2020-10-22
58.534794	31.267208	Черный континент	Кооперативная, 2/31 crossing street Cooperative and Bol.Sankt Petersburg, near the shopping center Rus, Великий Новгород 173003 Россия	Кафе/бары/рестораны	Кафе/бары/рестораны	2020-10-22
58.521297	31.269485	Кафе на Сенной	пл. Сенная, 2, Великий Новгород 173007 Россия	Кафе/бары/рестораны	Кафе/бары/рестораны	2020-10-22
58.51806	31.286865	Джаз & Блюз Бар	ул. Большая Московская, 14 3 этаж, Великий Новгород 173000 Россия	Кафе/бары/рестораны	Кафе/бары/рестораны	2020-10-22
58.54477	31.264278	Brewmen	ул. Большая Санкт-Петербургская, д. 64, Великий Новгород 173015 Россия	Кафе/бары/рестораны	Кафе/бары/рестораны	2020-10-22
57.98839	31.365095	Кафе Ильмень	ул. Минеральная, 45, Старая Русса 175202 Россия	Кафе/бары/рестораны	Кафе/бары/рестораны	2020-10-22
58.525005	31.264774	Ирландский паб Republic	ул. Великая, 5/2, Великий Новгород 173001 Россия	Кафе/бары/рестораны	Кафе/бары/рестораны	2020-10-22
58.52503	31.27396	Кофе Брейк	Газон, 5/2, Великий Новгород 173001 Россия	Кафе/бары/рестораны	Кафе/бары/рестораны	2020-10-22
58.523308	31.262909	Кондитерская лавка Трюфель	ул. Чудинцева, д. 11/62, Великий Новгород 173007 Россия	Кафе/бары/рестораны	Кафе/бары/рестораны	2020-10-22
58.526253	31.260632	Малиновка	Германа, 1, Великий Новгород 173002 Россия	Кафе/бары/рестораны	Кафе/бары/рестораны	2020-10-22
58.53331	31.267448	Friends Bar	ул. Большая Санкт-Петербургская, 25, Великий Новгород 173003 Россия	Кафе/бары/рестораны	Кафе/бары/рестораны	2020-10-22
58.523125	31.295774	Изюм	ул.Молотковская 4, Великий Новгород 173004 Россия	Кафе/бары/рестораны	Кафе/бары/рестораны	2020-10-22
58.520782	31.282112	Ресторанный комплекс "Фрегат Флагман"	Набережная Александра Невского, 22/1 Фрегат Флагман, Великий Новгород 173000 Россия	Кафе/бары/рестораны	Кафе/бары/рестораны	2020-10-22
58.524765	31.264805	All READY FoodHouse & MixBar	ул. Людогоща, 10 Людогоща, 10, Великий Новгород 173001 Россия	Кафе/бары/рестораны	Кафе/бары/рестораны	2020-10-22
57.978333	33.255096	Кафе-Бар Бавария	пл. Свободы, 15, Валдай 175400 Россия	Кафе/бары/рестораны	Кафе/бары/рестораны	2020-10-22
58.52364	31.265799	Ресторан Волхов	ул. Предтеченская, 24, Великий Новгород 173007 Россия	Кафе/бары/рестораны	Кафе/бары/рестораны	2020-10-22
58.525715	31.276783	БУРГЕР СТЕЙК	Улица Розважа, 11/1, Великий Новгород 173001 Россия	Кафе/бары/рестораны	Кафе/бары/рестораны	2020-10-22
58.56582	31.269543	Дом коромыслом	Рабочая, 25, Великий Новгород 173008 Россия	Кафе/бары/рестораны	Кафе/бары/рестораны	2020-10-22
58.38807	33.90626	Antonio	Пер. Реппо 4/8, Боровичи 174411 Россия	Кафе/бары/рестораны	Кафе/бары/рестораны	2020-10-22
58.51629	31.247152	My Kitchen - Псковская	ул. Псковская, 11, Великий Новгород Россия	Кафе/бары/рестораны	Кафе/бары/рестораны	2020-10-22
58.51967	31.287825	Дом Берга	ул. Большая Московская, 24, Великий Новгород 173000 Россия	Кафе/бары/рестораны	Кафе/бары/рестораны	2020-10-22
58.525436	31.287447	Чайхана Сказка	набережная Александра Невского, 26, Великий Новгород 173004 Россия	Кафе/бары/рестораны	Кафе/бары/рестораны	2020-10-22
58.523945	31.270319	Кафе Телеграф	ул. Людогоща, д. 2, Великий Новгород 173001 Россия	Кафе/бары/рестораны	Кафе/бары/рестораны	2020-10-22
58.527046	31.279606	Гастробар «Наffига Козе баян?!»	ул. Великая, 3, Великий Новгород 173001 Россия	Кафе/бары/рестораны	Кафе/бары/рестораны	2020-10-22
58.523384	31.29122	Street food "ДОМ БЫТА"	Федоровский ручей, 15 A, Великий Новгород Россия	Кафе/бары/рестораны	Кафе/бары/рестораны	2020-10-22
58.52222	31.26833	Кафе-кондитерская "ХочуТорт"	ул. Чудинцева, 1/1, Великий Новгород 173000 Россия	Кафе/бары/рестораны	Кафе/бары/рестораны	2020-10-22
58.51971	31.26871	Траттория "Тепло"	ул. Мерецкова-Волосова, д. 7/1, Великий Новгород 173007 Россия	Кафе/бары/рестораны	Кафе/бары/рестораны	2020-10-22
58.5177	31.270569	Сказка	Большая Власьевская, 1, Великий Новгород 173007 Россия	Кафе/бары/рестораны	Кафе/бары/рестораны	2020-10-22
58.524952	31.266867	Майкрофт Паб	Предтеченская ул., д.13/6, Великий Новгород 173001 Россия	Кафе/бары/рестораны	Кафе/бары/рестораны	2020-10-22
58.52062	31.28848	Сударушка	Большая Московская, 32/12, Великий Новгород 173000 Россия	Кафе/бары/рестораны	Кафе/бары/рестораны	2020-10-22
58.527107	31.292671	Время Ч.	ул. Большая Московская 31/7, Великий Новгород 173004 Россия	Кафе/бары/рестораны	Кафе/бары/рестораны	2020-10-22
58.535973	31.29802	Наполи	ул. Студенческая, 21/43, Великий Новгород 173020 Россия	Кафе/бары/рестораны	Кафе/бары/рестораны	2020-10-22
58.524647	31.26636	Кафе "Шоколад"	ул. Людогоща, д. 8, Великий Новгород 173001 Россия	Кафе/бары/рестораны	Кафе/бары/рестораны	2020-10-22
58.53472	31.298683	La Chatte кафе	ул. Большая Московская, 86, Великий Новгород 173020 Россия	Кафе/бары/рестораны	Кафе/бары/рестораны	2020-10-22
58.52702	31.25953	Zavodbar	ул.Германа 2, Великий Новгород 173002 Россия	Кафе/бары/рестораны	Кафе/бары/рестораны	2020-10-22
57.99357	31.37336	Хостел "Старая Русса"	Ulitsa Volodarskogo, 30, Старая Русса 175209 Россия	Средства размещения	Гостиницы и санатории	2020-10-22
58.521698	31.285103	Lyubava Hostel 2	Великий Новгород 173000 Россия	Средства размещения	Гостиницы и санатории	2020-10-22
57.93174	30.70474	Baza Otdikha Vatzy	Ulitsa Vasilyeva 63, Валдай 175430 Россия	Средства размещения	Гостиницы и санатории	2020-10-22
57.998955	33.23363	Валдай гостевой дом Флора-53	Ветеранов 23а, Валдай 175402 Россия	Средства размещения	Гостиницы и санатории	2020-10-22
57.99151	31.38406	Hotel Vestnik	61 Karla Marksa, Старая Русса 175204 Россия	Средства размещения	Гостиницы и санатории	2020-10-22
58.551258	31.216986	Гостевой Дом Аист	улица Центральная, 6, Великий Новгород 173018 Россия	Средства размещения	Гостиницы и санатории	2020-10-22
58.517475	31.297	Гостевой дом Берёза	ул. Ильина, 29, Великий Новгород 173000 Россия	Средства размещения	Гостиницы и санатории	2020-10-22
58.52589	31.27429	БМ-Хостел Великий Новгород	ул. Большая Санкт-Петербургская, д.14, Великий Новгород 173000 Россия	Средства размещения	Гостиницы и санатории	2020-10-22
58.52661	31.301413	Арт-отель Вернисаж	ул. Народная, д.2а, Великий Новгород 173014 Россия	Средства размещения	Гостиницы и санатории	2020-10-22
57.975628	33.073875	Ерёмина гора	Еремина Гора Россия	Средства размещения	Гостиницы и санатории	2020-10-22
57.93578	33.49469	Валдайский Теннисный Клуб	Новая Ситенка 175420 Россия	Средства размещения	Гостиницы и санатории	2020-10-22
58.16034	31.46935	Дом охотника и рыбака	ул. Центральная, 1 на берегу р. Ловать, Взвад 175219 Россия	Средства размещения	Гостиницы и санатории	2020-10-22
58.60535	35.829845	Отель "Вокруг света"	Устюженское шоссе, 25, Пестово 174511 Россия	Средства размещения	Гостиницы и санатории	2020-10-22
57.529606	32.9847	Константинова Усадьба	Novgorod region, village. Zykovshchina, Зыковщина 175333 Россия	Средства размещения	Гостиницы и санатории	2020-10-22
58.79685	33.384468	Любытино-хутор	Бор 174760 Россия	Средства размещения	Гостиницы и санатории	2020-10-22
58.538494	31.292679	Гостевой дом Антоново	ул. Парковая, д.5 к.1, Великий Новгород 173020 Россия	Средства размещения	Гостиницы и санатории	2020-10-22
58.081886	33.215534	Ватцы	Деревня Ватцы дом 1, Валдай Россия	Средства размещения	Гостиницы и санатории	2020-10-22
58.51736	31.28374	Хостел "Ярослав"	Никольская ул., 4, Великий Новгород 173000 Россия	Средства размещения	Гостиницы и санатории	2020-10-22
58.035854	33.255745	Клёвое Место	396 км. от Москвы по трассе м10/e105 д. Нерцы, Валдай Россия	Средства размещения	Гостиницы и санатории	2020-10-22
57.994205	33.24172	Мараканас	ул. Песчаная, д. 11, Валдай 175402 Россия	Средства размещения	Гостиницы и санатории	2020-10-22
58.528423	31.264418	Роза Ветров	ул. Новолучанская, д. 27А, Великий Новгород Россия	Средства размещения	Гостиницы и санатории	2020-10-22
58.5119	31.25669	Эврика	Улица Шимская 32/11, Великий Новгород Россия	Средства размещения	Гостиницы и санатории	2020-10-22
58.51995	31.284668	Гостиница Ганза	ул. Дворцовая, 1, Великий Новгород 173000 Россия	Средства размещения	Гостиницы и санатории	2020-10-22
58.52124	31.263435	Гостиница Новгородская	ул. Десятинная, д. 6а, Великий Новгород 17300 Россия	Средства размещения	Гостиницы и санатории	2020-10-22
58.018105	33.469284	Приют Охотника	дер. Ключи, д. 23, Валдай 175421 Россия	Средства размещения	Гостиницы и санатории	2020-10-22
58.508602	31.265972	Хостел "Хоум"	ул. Орловская 6, корпус 1, Великий Новгород 173007 Россия	Средства размещения	Гостиницы и санатории	2020-10-22
57.985825	31.36728	Старая Русса	ул. Минеральная, д. 62, Старая Русса 175203 Россия	Средства размещения	Гостиницы и санатории	2020-10-22
59.13504	31.63437	Волхов Мост	ул. Школьная, д. 6 Чудовский район, ст., Чудово 174210 Россия	Средства размещения	Гостиницы и санатории	2020-10-22
57.98439	33.24934	Кот и кошка	Ulitsa Pobedy 40, Валдай 175400 Россия	Средства размещения	Гостиницы и санатории	2020-10-22
57.980316	33.25218	Хостел Ленина 3	ул. Ленина 3, Валдай 175400 Россия	Средства размещения	Гостиницы и санатории	2020-10-22
58.60411	35.78451	Гостиница Пестово	ул. Титова,  д.86, Пестово 174510 Россия	Средства размещения	Гостиницы и санатории	2020-10-22
58.52007	31.26814	Гостиница Круиз	Prusskaya, 11, Великий Новгород 173007 Россия	Средства размещения	Гостиницы и санатории	2020-10-22
58.58249	35.77016	Гостиница Серебряный Бор	ул. Мелиораторов, 2-В, Пестово 174510 Россия	Средства размещения	Гостиницы и санатории	2020-10-22
58.52269	31.25365	B&B Hotel Centre	Ulitsa Belova 6, Великий Новгород 173015 Россия	Средства размещения	Гостиницы и санатории	2020-10-22
57.686935	33.059334	Усадьба Русская деревенька	Балуево Россия	Средства размещения	Гостиницы и санатории	2020-10-22
58.5099	31.25502	65HOME minihotel	ул. Каберова-Власьевская,  65, Великий Новгород 173007 Россия	Средства размещения	Гостиницы и санатории	2020-10-22
57.98662	31.36549	Коттедж в Старой Руссе	Улица Минеральная 55, Старая Русса 175202 Россия	Средства размещения	Гостиницы и санатории	2020-10-22
58.533733	31.249454	Профилакторий-Санаторий Акрон	ул. Зелинского, 9, Великий Новгород 173016 Россия	Средства размещения	Гостиницы и санатории	2020-10-22
58.40004	33.92855	Гостевои дом на Дзержинского	Ulitsa Dzerzhinskogo 116, Боровичи 174411 Россия	Средства размещения	Гостиницы и санатории	2020-10-22
58.37164	35.139683	Мстинские Горки	Городищи Россия	Средства размещения	Гостиницы и санатории	2020-10-22
58.3878	33.900364	Профилакторий	ул. Заводская набережная, д.2, Боровичи 174411 Россия	Средства размещения	Гостиницы и санатории	2020-10-22
57.983	33.25593	Романовская усадьба	ул. Белова, д. 3, Валдай 175400 Россия	Средства размещения	Гостиницы и санатории	2020-10-22
57.98612	33.2543	Национальный парк Валдайский	ул. Победы, 5, Валдай 175400 Россия	Средства размещения	Гостиницы и санатории	2020-10-22
57.64367	32.43966	Демянская	ул. 1 Мая, 61, пгт Демянск 175310 Россия	Средства размещения	Гостиницы и санатории	2020-10-22
57.9574	33.24416	Гостиница "Валдайский двор"	Выскодно-2, 7А, Валдай 175400 Россия	Средства размещения	Гостиницы и санатории	2020-10-22
58.81787	33.548115	Любогорье	Селище 174770 Россия	Средства размещения	Гостиницы и санатории	2020-10-22
58.52328	31.26991	Дубровский	Дубровский пос, 1 Великий Октябрь, Великий Новгород 404158 Россия	Средства размещения	Гостиницы и санатории	2020-10-22
58.39323	33.262127	Флагман	ул. Мира д. 2а, Окуловка 174352 Россия	Средства размещения	Гостиницы и санатории	2020-10-22
58.389423	33.891006	Металлург	ул. Ленинградская, д.78, Боровичи 174411 Россия	Средства размещения	Гостиницы и санатории	2020-10-22
58.020992	33.325138	Отель "Валдай"	Валдай 175418 Россия	Средства размещения	Гостиницы и санатории	2020-10-22
58.880116	34.174416	Новгородская деревня	Исаиха 174577 Россия	Средства размещения	Гостиницы и санатории	2020-10-22
57.97356	33.26165	Юпитер	Советский Проспект 25А, Валдай 175400 Россия	Средства размещения	Гостиницы и санатории	2020-10-22
58.28161	32.44368	Papina Dacha Hotel	Dolgiy Most village 18, Долгий Мост 175461 Россия	Средства размещения	Гостиницы и санатории	2020-10-22
58.54455	31.30629	Лайк Хостел	ул. Московская, д.12 кв. 91, Великий Новгород 173020 Россия	Средства размещения	Гостиницы и санатории	2020-10-22
57.98697	33.25153	Motel SKS	Ulitsa Sovkhoznzya, 10, Зимогорье 175400 Россия	Средства размещения	Гостиницы и санатории	2020-10-22
58.15923	31.083036	Baza Otdykha	Ретлё 175202 Россия	Средства размещения	Гостиницы и санатории	2020-10-22
58.53085	31.269373	Карелинн Отель	Большая Санкт-Петербургская, 21, Великий Новгород 173001 Россия	Средства размещения	Гостиницы и санатории	2020-10-22
58.52273	31.24465	Отель Веряжский	ул. Нехинская, 44/3, Великий Новгород 173000 Россия	Средства размещения	Гостиницы и санатории	2020-10-22
58.299496	33.23604	Valday Eco Vacation	Перевоз 174356 Россия	Средства размещения	Гостиницы и санатории	2020-10-22
57.986076	31.36867	Baza Otdykha	Stroenie 3 Il'menskaya Ulitsa, Старая Русса 175201 Россия	Средства размещения	Гостиницы и санатории	2020-10-22
58.033268	31.600693	Holiday Village 'Buriy Medved'	Khmelevo, Старая Русса 175121 Россия	Средства размещения	Гостиницы и санатории	2020-10-22
58.41436	35.091694	База отдыха меглино	Воротово 174477 Россия	Средства размещения	Гостиницы и санатории	2020-10-22
58.20169	30.6688	Sport Centre Borsky	Krasnogorka 120, Бор 606446 Россия	Средства размещения	Гостиницы и санатории	2020-10-22
58.38492	33.94799	Усадьба	7 Pesochnaya Ulitsa 7, Рощино 197000 Россия	Средства размещения	Гостиницы и санатории	2020-10-22
57.99305	31.35433	Hostel on Shtykova 3	Naberezhnaya Generala Stykova 3, Старая Русса 175202 Россия	Средства размещения	Гостиницы и санатории	2020-10-22
58.254818	33.27892	Guest House Melnitsa	Melnitsa, Мельница 174350 Россия	Средства размещения	Гостиницы и санатории	2020-10-22
58.52007	31.26814	Хостел Круиз - Большая Ель	ул. Прусская, д. 11, Великий Новгород Россия	Средства размещения	Гостиницы и санатории	2020-10-22
58.69188	32.575825	Guest House In Mistinskyy Most	Vorovskogo, 42, Мстинский Мост 174290 Россия	Средства размещения	Гостиницы и санатории	2020-10-22
58.39038	33.908333	Гостевой дом МСТА	ул. Дзержинского, 8, Боровичи 174411 Россия	Средства размещения	Гостиницы и санатории	2020-10-22
58.35772	33.89305	Prosto Kvashino Kozynevo	Ul. Molodezhnaya 1, 173513 Россия	Средства размещения	Гостиницы и санатории	2020-10-22
58.498207	31.193832	Hotel Na Pankovke	Industrialnaya Street 21 Pankovka, Novgorodsky District, 173000 Россия	Средства размещения	Гостиницы и санатории	2020-10-22
58.67266	31.3805	Guest House on Tsentralnaya 197	Ul. Tsentral'naya Dom 197, 173525 Россия	Средства размещения	Гостиницы и санатории	2020-10-22
58.51858	31.26345	Гостиница Большая Ель	ул. Прусская, д. 11, Великий Новгород 173025 Россия	Средства размещения	Гостиницы и санатории	2020-10-22
58.528458	31.292126	Хостел Sleep & Go	улица Черемнова-Конюхова, 8, Великий Новгород 173004 Россия	Средства размещения	Гостиницы и санатории	2020-10-22
58.200592	30.698946	Капитан	ул. Южная, д.15, Бор 174150 Россия	Средства размещения	Гостиницы и санатории	2020-10-22
58.01303	33.34269	Berendeevo Tsarstvo	Derevnya Shuya, Валдай 175421 Россия	Средства размещения	Гостиницы и санатории	2020-10-22
58.37419	33.297626	база отдыха Аленушка	44 Ulitsa Lenina, Окуловка 174350 Россия	Средства размещения	Гостиницы и санатории	2020-10-22
58.51623	31.30097	Ханса Хостел	Улица Ильина 10/13, Великий Новгород 173000 Россия	Средства размещения	Гостиницы и санатории	2020-10-22
58.685833	32.605278	Mstinskie Gorki Hotel	Gorodishchi Village, Кривое Колено 174260 Россия	Средства размещения	Гостиницы и санатории	2020-10-22
58.60234	35.80752	Отель "Пестово"	ул. Почтовая, 13A, Пестово 174510 Россия	Средства размещения	Гостиницы и санатории	2020-10-22
58.59823	35.8154	Povalikhino Cottage	Village of Povalikhino 10, Пестово 606503 Россия	Средства размещения	Гостиницы и санатории	2020-10-22
58.023167	33.258263	Russkaya Usadba	Gidrologicheskaya ul., d. 3, Усадье 175402 Россия	Средства размещения	Гостиницы и санатории	2020-10-22
58.15831	31.46994	House of Hunter and Fisherman	Centralnaya ulitca 1, Взвад 175219 Россия	Средства размещения	Гостиницы и санатории	2020-10-22
58.156033	31.081598	Usad'ba "Bol'shoi Kamen'"	Ретлё 175215 Россия	Средства размещения	Гостиницы и санатории	2020-10-22
57.484985	32.998947	Pererva Country House	Ulitsa Moskovskaya 5, Перерва 175333 Россия	Средства размещения	Гостиницы и санатории	2020-10-22
58.794205	33.38256	Baza Otdikha Lubytino Khutor	Бор 174760 Россия	Средства размещения	Гостиницы и санатории	2020-10-22
58.53652	31.30727	Hotel Raduga	ulitsa Khutynskaya 10A 3rd Floor, Великий Новгород 173020 Россия	Средства размещения	Гостиницы и санатории	2020-10-22
58.17139	33.586945	Ski Club Liubogorie	Селище 174770 Россия	Средства размещения	Гостиницы и санатории	2020-10-22
58.52328	31.26991	Дружба	Дубровский пос, 2 Великий Октябрь, Великий Новгород 404158 Россия	Средства размещения	Гостиницы и санатории	2020-10-22
58.53419	31.27208	Пансионат	3 Lazarevskiy Pereulok, Великий Новгород 173003 Россия	Средства размещения	Гостиницы и санатории	2020-10-22
58.52735	31.30128	Guest House Bereza	Narodnaya Ulitsa, 2 a Litera B, Великий Новгород 173000 Россия	Средства размещения	Гостиницы и санатории	2020-10-22
58.52269	31.25365	Hostel on Belova 6	Ulitsa Belova 6, Великий Новгород 173015 Россия	Средства размещения	Гостиницы и санатории	2020-10-22
58.529667	31.235352	Grace Hotel	ул. Попова, 5, Великий Новгород 173021 Россия	Средства размещения	Гостиницы и санатории	2020-10-22
58.55128	31.21687	Gostevoi Dom	Tsiolkovskogo 54, Артём 692751 Россия	Средства размещения	Гостиницы и санатории	2020-10-22
58.13866	33.108902	Tri Ozera Guesthouse	Derevnya Luchki 68, Лучки 175430 Россия	Средства размещения	Гостиницы и санатории	2020-10-22
58.73897	33.47513	Любогорница	ул. Артема-12, Артём 174750 Россия	Средства размещения	Гостиницы и санатории	2020-10-22
58.401196	30.16809	Три Озера	Лучки 175430 Россия	Средства размещения	Гостиницы и санатории	2020-10-22
58.542908	32.262085	Красный Бережок	на берегу реки Мста, Красный Бережок 174560 Россия	Средства размещения	Гостиницы и санатории	2020-10-22
58.648247	31.437159	Volkhov River Guest House	Volkhov River Bank, 177 km from M10, Building 30B, Котовицы 173000 Россия	Средства размещения	Гостиницы и санатории	2020-10-22
58.50755	31.23606	загородныи дом	Речная,дом 9, Прилуки 173000 Россия	Средства размещения	Гостиницы и санатории	2020-10-22
57.913567	33.619762	Motel' Trassa M-10	Ulitsa Moskovskaya 102, Едрово 175429 Россия	Средства размещения	Гостиницы и санатории	2020-10-22
58.275963	34.11492	Гостевой дом в Опеченском Посаде	3-я линия,   72, Опеченский Посад 174442 Россия	Средства размещения	Гостиницы и санатории	2020-10-22
58.552322	31.050661	Inn Dubrava	Берёзовка 174360 Россия	Средства размещения	Гостиницы и санатории	2020-10-22
57.93604	33.501778	Guest House Vozle Ozera Petrova	Новая Ситенка 175420 Россия	Средства размещения	Гостиницы и санатории	2020-10-22
58.041534	31.591686	Глухарь Клуб	улица Мира, 13, Юрьево 175133 Россия	Средства размещения	Гостиницы и санатории	2020-10-22
57.95889	33.24412	Hotel Au Royal Mad	15 Peschanaya Ulitsa, Валдай 125057 Россия	Средства размещения	Гостиницы и санатории	2020-10-22
58.00011	33.52294	Усадьба Закидово	деревня Закидово, Валдай Россия	Средства размещения	Гостиницы и санатории	2020-10-22
58.08534	33.289	Baza Otdyha Valdajskaja	ul. Lesnaya, Борисово 175400 Россия	Средства размещения	Гостиницы и санатории	2020-10-22
57.98475	33.25528	Valdayskaya Riviera	Ulitsa Generala Belova, 5, Валдай 175400 Россия	Средства размещения	Гостиницы и санатории	2020-10-22
58.40253	33.90116	Апартаменты на Ботаническои	Botanicheskaya Street 5A, Боровичи 174401 Россия	Средства размещения	Гостиницы и санатории	2020-10-22
58.80574	33.41266	Economy Hotel Lubytino	Magistralnaya 6 Dom, Большой Городок 174760 Россия	Средства размещения	Гостиницы и санатории	2020-10-22
58.38996	33.90831	Гостевой дом МСТА	ул. Дзержинского, д. 8, Боровичи 174411 Россия	Средства размещения	Гостиницы и санатории	2020-10-22
58.37653	33.89963	Kvartira	Rabochaya Ulica. D.7, Боровичи 174411 Россия	Средства размещения	Гостиницы и санатории	2020-10-22
58.38859	33.89839	Gostevoy Dom V Opechenskom Posade	Selo Opechensky Posad, 3-ya Liniya, 72, Боровичи 174442 Россия	Средства размещения	Гостиницы и санатории	2020-10-22
58.38859	33.89839	Dom Masarskogo Podvor'ia	Opechenskii Posad, Боровичи 174400 Россия	Средства размещения	Гостиницы и санатории	2020-10-22
58.52589	31.27429	Bania-Dom Chungha-Changha	Sankt-Pietierburghskaia ulitsa, d 115, kor.1, Великий Новгород 173008 Россия	Средства размещения	Гостиницы и санатории	2020-10-22
58.50713	31.23847	Коттедж "Бронница"	Речная ул., 49, Великий Новгород 173003 Россия	Средства размещения	Гостиницы и санатории	2020-10-22
58.54906	31.28141	Криз автокемпинг	Державина улица, Великий Новгород 173020 Россия	Средства размещения	Гостиницы и санатории	2020-10-22
58.38781	33.90028	Sanatoriy AO BKO	ulitsa Zavodskaya naberezhnaya 2, Боровичи 174411 Россия	Средства размещения	Гостиницы и санатории	2020-10-22
59.12028	31.67363	Званка общежитие	Парайненская улица, д. 3, Чудово 174210 Россия	Средства размещения	Гостиницы и санатории	2020-10-22
58.510612	31.239325	Хостел "Любава"	ул. Озёрная, д. 4, Великий Новгород 173009 Россия	Средства размещения	Гостиницы и санатории	2020-10-22
58.157173	31.084103	Большой Камень	Ретлё 175215 Россия	Средства размещения	Гостиницы и санатории	2020-10-22
59.136208	31.630571	Мотель "Оазис"	автодорога Москва — Санкт-Петербург М-10 (Е-105), 582 км (справа), Чудово 174213 Россия	Средства размещения	Гостиницы и санатории	2020-10-22
58.53446	31.25155	Лайк Хостел	ул. Зелинского дом 26, Великий Новгород 173000 Россия	Средства размещения	Гостиницы и санатории	2020-10-22
58.53027	31.29099	Voyaj	ul. Timura Frunze-Olovyanka d. 19-1, Великий Новгород 173004 Россия	Средства размещения	Гостиницы и санатории	2020-10-22
58.52328	31.26991	Мини отель дом майера	2 Ulitsa Mikhaylova, Великий Новгород 173000 Россия	Средства размещения	Гостиницы и санатории	2020-10-22
58.63069	31.42937	Guesthouse in Slutka	Slutka dom 109, Великий Новгород 173022 Россия	Средства размещения	Гостиницы и санатории	2020-10-22
58.53604	31.23995	Hostel Madagaskar	Zelinskogo 26 1 etazh, Великий Новгород 173023 Россия	Средства размещения	Гостиницы и санатории	2020-10-22
58.546066	32.26472	Krasny Berezhok	Derevnya Krasnyy Berezhok Novgorodskaya Oblast, Великий Новгород 174260 Россия	Средства размещения	Гостиницы и санатории	2020-10-22
57.700363	32.99888	Gostevoy Dvor	Shkol'naya Vel'yo-Stany 15, Никольское 175327 Россия	Средства размещения	Гостиницы и санатории	2020-10-22
58.358864	33.155903	Turbaza Charodeyka	Zavidichye Lake, Берёзовик 174341 Россия	Средства размещения	Гостиницы и санатории	2020-10-22
58.54499	31.27288	Отель-Бутик Халява Мёд	ул. Черепичная, 4, Великий Новгород 173003 Россия	Средства размещения	Гостиницы и санатории	2020-10-22
58.37655	33.29682	Юность	улица Кирова, д. 8, Окуловка 174350 Россия	Средства размещения	Гостиницы и санатории	2020-10-22
57.70061	32.998512	Гостевои дворик на Валдае	Школьная Вельё-Станы 15, Велье-Станы 175327 Россия	Средства размещения	Гостиницы и санатории	2020-10-22
57.517532	32.965015	База отдыха "Красота"	Кривая Клетка 175333 Россия	Средства размещения	Гостиницы и санатории	2020-10-22
58.14201	33.8211	Пирос	на берегу реки Валдайки, Пирусс 174419 Россия	Средства размещения	Гостиницы и санатории	2020-10-22
58.493496	31.20344	Панковка	ул. Индустриальная, д. 21, Великий Новгород 173526 Россия	Средства размещения	Гостиницы и санатории	2020-10-22
58.51952	31.26554	Hotel On Prusskaya 8	8 Prusskaya Ulitsa, Великий Новгород 173007 Россия	Средства размещения	Гостиницы и санатории	2020-10-22
58.3994	33.28127	База отдыха Мельница	ул. Парфенова, д. 22 национальный парк "Валдайский", Окуловка 174352 Россия	Средства размещения	Гостиницы и санатории	2020-10-22
58.53757	31.25409	Родничок	ул. Космонавтов, д. 18/1, Великий Новгород 173016 Россия	Средства размещения	Гостиницы и санатории	2020-10-22
58.50544	31.22646	North Star Hotel Apartments	56 Pskovskaya Ulitsa, Великий Новгород 173016 Россия	Средства размещения	Гостиницы и санатории	2020-10-22
58.36844	32.0666	Зайцева гора	Центральная, д.139, Зайцево 175453 Россия	Средства размещения	Гостиницы и санатории	2020-10-22
57.97806	33.25651	Гостиница Валдай	ул. Луначарского, д. 20, Валдай 175400 Россия	Средства размещения	Гостиницы и санатории	2020-10-22
59.12443	31.637856	Мотель "Чудово"	581 км. а/д Москва-Санкт-Петербург АЗС №262, Чудово 174210 Россия	Средства размещения	Гостиницы и санатории	2020-10-22
58.013515	33.344025	Pansionat Severnoye Siyaniye	Valdayskiy Rayon, Шуя 175421 Россия	Средства размещения	Гостиницы и санатории	2020-10-22
57.935333	33.31739	Baza Otdiha Golyboy Fakel	Zimogorje Village, 7th km Valdai - Navolok shossee, Валдай 175400 Россия	Средства размещения	Гостиницы и санатории	2020-10-22
58.53638	31.29192	Dilizhans Hotel	ул. Студенческая 31, Великий Новгород 173014 Россия	Средства размещения	Гостиницы и санатории	2020-10-22
58.51724	31.25405	Guest House Home	Ulitsa Prusskaya dom 36, Stroyeniye 2, Великий Новгород 173015 Россия	Средства размещения	Гостиницы и санатории	2020-10-22
58.67735	32.70259	Новгородский Следопыт	дер. Веребье, Малая Вишера 174260 Россия	Средства размещения	Гостиницы и санатории	2020-10-22
58.518063	31.293068	Хостел "История"	ул. Ильина, 19/44, Великий Новгород 173000 Россия	Средства размещения	Гостиницы и санатории	2020-10-22
57.97578	33.2518	Валдай	Рощино 175418 Россия	Средства размещения	Гостиницы и санатории	2020-10-22
58.53446	31.25155	Хостел Ганзейский двор	ул. Зелинского, д.30, Великий Новгород 173023 Россия	Средства размещения	Гостиницы и санатории	2020-10-22
58.542465	31.340149	Гостевой дом Три клена	ул. Кленовая, 3, Новая Деревня 173020 Россия	Средства размещения	Гостиницы и санатории	2020-10-22
57.945087	33.498775	Valdai Club Tennis	Valdai Tennis Club 1, Новая Ситенка 175420 Россия	Средства размещения	Гостиницы и санатории	2020-10-22
58.37553	33.28644	Bereg Valdaia	D.26E Okulovskii Raion, Окуловка 174356 Россия	Средства размещения	Гостиницы и санатории	2020-10-22
57.98089	33.25461	Кот и Кошка	Крупской, 34, Валдай 175400 Россия	Средства размещения	Гостиницы и санатории	2020-10-22
58.222023	33.470806	Berloga	Dom 7, Березовка 174360 Россия	Средства размещения	Гостиницы и санатории	2020-10-22
58.540558	31.258303	Академ ВН Хостел	Саши Устинова, 3, Великий Новгород 173003 Россия	Средства размещения	Гостиницы и санатории	2020-10-22
58.59823	35.8154	Калинка	улица Гайдара, 1, Пестово 174511 Россия	Средства размещения	Гостиницы и санатории	2020-10-22
58.53384	31.302532	Гостевой дом Джем	ул. Московская, д. 7A, Великий Новгород 173014 Россия	Средства размещения	Гостиницы и санатории	2020-10-22
58.01508	33.390373	Берендеево царство	Шуя Россия	Средства размещения	Гостиницы и санатории	2020-10-22
58.52314	31.29603	Гостевой дом Bergen	Молотковская,  33, Великий Новгород 173004 Россия	Средства размещения	Гостиницы и санатории	2020-10-22
58.536953	31.30762	Хостел Береста	ул. Хутынская 10а 2 этаж, Великий Новгород 173020 Россия	Средства размещения	Гостиницы и санатории	2020-10-22
58.51419	31.28674	Рэстап Хостел 	ул. Михайлова, д. 32, кв. 2, Великий Новгород 173000 Россия	Средства размещения	Гостиницы и санатории	2020-10-22
58.386456	33.908604	Отель VICTORIA	улица Льва Толстого,  2, Боровичи 174411 Россия	Средства размещения	Гостиницы и санатории	2020-10-22
58.38425	33.91458	Гостиница Винтаж	ул. Московская, 30, Боровичи 174406 Россия	Средства размещения	Гостиницы и санатории	2020-10-22
58.52632	31.2806	Хостел Великий	ул. Великая, д. 9/3, Великий Новгород 173003 Россия	Средства размещения	Гостиницы и санатории	2020-10-22
58.822777	31.476034	Mотель привал	ул. Центральная, 18A, Мясной Бор 173503 Россия	Средства размещения	Гостиницы и санатории	2020-10-22
57.67113	32.968697	Кемпинг Валдайская тропа	Дорожная,  д.11, Бураково 175310 Россия	Средства размещения	Гостиницы и санатории	2020-10-22
58.526237	31.278538	Неревский	Ул. Великая, 1, Великий Новгород Россия	Средства размещения	Гостиницы и санатории	2020-10-22
58.5391	31.33502	Три Клена	ул. Кленовая, д.3, Новая Деревня 173020 Россия	Средства размещения	Гостиницы и санатории	2020-10-22
58.51138	31.258352	Апартаменты Берлога	улица Каберова-Власьевская 47Б, Великий Новгород Россия	Средства размещения	Гостиницы и санатории	2020-10-22
58.527035	31.30214	Гостевой Дом Альянс	ул. Народная, 2А, Великий Новгород 173014 Россия	Средства размещения	Гостиницы и санатории	2020-10-22
58.533833	31.275545	Гостевой дом "Кожевники"	ул. Строителей, 9, Великий Новгород 173003 Россия	Средства размещения	Гостиницы и санатории	2020-10-22
58.020588	33.32472	Дом отдыха Валдай	Рощино 175418 Россия	Средства размещения	Гостиницы и санатории	2020-10-22
58.389915	33.90887	Гостиница Ткачи	ул. Дзержинского, д. 8A, Боровичи 174411 Россия	Средства размещения	Гостиницы и санатории	2020-10-22
57.98663	33.25407	Holiday Home Podlipki	Ulitsa Pobedy 10, Валдай 175400 Россия	Средства размещения	Гостиницы и санатории	2020-10-22
57.98427	33.236645	Vatzy Guesthouse	Ulitsa Vasil'yeva, d.38, Валдай 175430 Россия	Средства размещения	Гостиницы и санатории	2020-10-22
58.03574	33.256516	Baza Klevoe Mesto	Валдаискии раион. Деревня Усадья, Валдай 175402 Россия	Средства размещения	Гостиницы и санатории	2020-10-22
58.384346	33.88375	Рабочая слобода	Посёлок 1 цеха д. 17, Боровичи 174411 Россия	Средства размещения	Гостиницы и санатории	2020-10-22
58.51918	31.22161	Otel' Veryazhskiy	ul. Nekhinskaya 44, K  3, Великий Новгород 173000 Россия	Средства размещения	Гостиницы и санатории	2020-10-22
58.55218	31.22531	Ламбада	ул. Зоотехническая, д. 3, Великий Новгород Россия	Средства размещения	Гостиницы и санатории	2020-10-22
58.81665	33.548737	Klub Otdyha Liubogorie	Dom 33, Селище 174770 Россия	Средства размещения	Гостиницы и санатории	2020-10-22
57.99739	31.3616	Визави	Минеральная улица, д. 59, лит. А, Старая Русса Россия	Средства размещения	Гостиницы и санатории	2020-10-22
58.523277	31.296083	Hotel Welcome Inn	Molotkovskaya St., 4, Великий Новгород 173004 Россия	Средства размещения	Гостиницы и санатории	2020-10-22
58.385586	33.899315	Гостиница "Олимп"	пл. Спасская , д.4 СК "Олимп", Боровичи 174411 Россия	Средства размещения	Гостиницы и санатории	2020-10-22
57.723656	33.06597	Турбаза "Великое озеро"	ул. Береговая д. 1, Симаниха 175425 Россия	Средства размещения	Гостиницы и санатории	2020-10-22
57.90207	33.641487	Придорожный комплекс Автопарк	ул. Московская, 105, Валдай 175333 Россия	Средства размещения	Гостиницы и санатории	2020-10-22
58.521736	31.297174	Гостиница Садко	ул. Федоровский Ручей, д. 16, Великий Новгород 173000 Россия	Средства размещения	Гостиницы и санатории	2020-10-22
58.511345	31.253254	Гостевой дом Валерия	ул. Мичуринская, д. 14, Великий Новгород 173000 Россия	Средства размещения	Гостиницы и санатории	2020-10-22
57.927464	33.22601	Валдай Эко Клуб	ул. Зеленая,  д. 1, Валдай Россия	Средства размещения	Гостиницы и санатории	2020-10-22
58.51824	31.267885	Гостевой дом Добрыня	Добрыня,  5, Великий Новгород 173007 Россия	Средства размещения	Гостиницы и санатории	2020-10-22
57.99138	31.36153	Гостиница Полисть	ул. Гостинодворская, д. 20, Старая Русса 175202 Россия	Средства размещения	Гостиницы и санатории	2020-10-22
58.48974	31.27109	Юрьевское Подворье	ш. Юрьевское, д. 6а, Великий Новгород 173007 Россия	Средства размещения	Гостиницы и санатории	2020-10-22
58.516396	31.283825	Амакс отель Россия	Набережная А. Невского, 19/1, Великий Новгород 173000 Россия	Средства размещения	Гостиницы и санатории	2020-10-22
58.524136	31.270668	Отель София	ул. Газон д. 3А, Великий Новгород 173001 Россия	Средства размещения	Гостиницы и санатории	2020-10-22
58.51278	31.257221	Гостевой Дом Орловский	переулок Орловский 5/8, Великий Новгород 173007 Россия	Средства размещения	Гостиницы и санатории	2020-10-22
58.53161	31.280996	Гостиница Интурист	ул. Великая, 16, Великий Новгород 173001 Россия	Средства размещения	Гостиницы и санатории	2020-10-22
57.97435	33.26827	Валдайские Зори	ул. Молотковская, д. 2, Валдай 175400 Россия	Средства размещения	Гостиницы и санатории	2020-10-22
58.517776	31.286293	Рахманинов отель	ул. Большая Московская, 10, Великий Новгород 173000 Россия	Средства размещения	Гостиницы и санатории	2020-10-22
58.51265	31.266506	Гостевой дом "Три кота"	ул. Обороны д.3/1, Великий Новгород 173007 Россия	Средства размещения	Гостиницы и санатории	2020-10-22
58.52374	31.265749	Гостиница "Волхов"	ул. Предтеченская, 24, Великий Новгород 173007 Россия	Средства размещения	Гостиницы и санатории	2020-10-22
58.524403	31.265972	Гостиница Акрон	ул. Предтеченская, д. 24, Великий Новгород Россия	Средства размещения	Гостиницы и санатории	2020-10-22
58.520283	31.28566	Бутик-отель Трувор	ул. Дворцовая 2/1, Великий Новгород 173000 Россия	Средства размещения	Гостиницы и санатории	2020-10-22
58.51848	31.282558	Ярославово Дворище	Торговая сторона, Великий Новгород Россия	Развлечения	Музыка и искусство	2020-10-22
57.99739	31.3616	Курортный парк Старая Русса	ул. Минеральная, 62, Старая Русса 175202 Россия	Развлечения	Зрелищные развлечения	2020-10-22
58.52031	31.2806	Памятник девушке-туристке	Кремлевский пешеходный мост, Великий Новгород Россия	Развлечения	Музыка и искусство	2020-10-22
57.98702	31.35668	Церковь Георгия Победоносца	ул. Георгиевская, 26, Старая Русса 175202 Россия	Развлечения	Музыка и искусство	2020-10-22
58.51824	31.28795	Церковь Спаса Преображения на Ильине улице	ул. Ильина, 26, Великий Новгород 173000 Россия	Развлечения	Музыка и искусство	2020-10-22
58.37912	33.91487	Боровичский краеведческий музей	Октябрьской Революции набережная, д. 17, Боровичи 174400 Россия	Развлечения	Музыка и искусство	2020-10-22
58.49167	31.271278	Витославлицы музей народного деревянного зодчества	Юрьевское шоссе, Великий Новгород 173007 Россия	Развлечения	Музыка и искусство	2020-10-22
58.519234	31.289318	Центр музыкальных древностей В.И. Поветкина	Ильина, 9Б, Великий Новгород 173000 Россия	Развлечения	Музыка и искусство	2020-10-22
58.52076	31.27735	Пешеходный мост через реку Волхов	Софийская набережная, Великий Новгород Россия	Развлечения	Музыка и искусство	2020-10-22
57.989365	33.304478	Иверский святоозерский мужской монастырь	Валдай Россия	Развлечения	Музыка и искусство	2020-10-22
57.985855	31.364857	Музей Усадьба средневекового рушанина	ул. Сварога, 44, Старая Русса 175204 Россия	Развлечения	Музыка и искусство	2020-10-22
57.981255	31.35707	Дом-Музей Ф. М. Достоевского	Достоевского набережная, д. 42/2, Старая Русса 175202 Россия	Развлечения	Музыка и искусство	2020-10-22
58.52277	31.27561	Владычная (Грановитая) палата	Кремль, 14, Великий Новгород 173007 Россия	Развлечения	Музыка и искусство	2020-10-22
58.48811	31.2818	Свято-Юрьев мужской монастырь	Юрьевское шоссе, д. 10, Великий Новгород 173007 Россия	Развлечения	Музыка и искусство	2020-10-22
58.51914	31.27548	Памятник «Тысячелетие России»	Новгородский кремль, Великий Новгород Россия	Развлечения	Музыка и искусство	2020-10-22
58.5209	31.27286	Собор Софии Премудрости Божией	территория Кремль, 11, Великий Новгород 173007 Россия	Развлечения	Музыка и искусство	2020-10-22
