category,city,name,region,subcategory,tags
Рестораны,Самара,Ферма,Самарская область,,"Бар,Кафе"
Рестораны,Самара,Shamrock,Самарская область,,Бар
Рестораны,Самара,Три оленя,Самарская область,,
Рестораны,Самара,Кембридж кафе,Самарская область,,"Бар,Паб"
Рестораны,Самара,Пармиджано,Самарская область,,
Рестораны,Тольятти,Базилик,Самарская область,,
Рестораны,Тольятти,20 Франков,Самарская область,,
Рестораны,Самара,Уютное кафе Бенджамин,Самарская область,,"Бар,Кафе"
Рестораны,Самара,Перчини,Самарская область,,Бар
Рестораны,Самара,Кафе Puri,Самарская область,,
Рестораны,Самара,Перчини Grill&Wine,Самарская область,,
Рестораны,Самара,Перчини Grill&Wine,Самарская область,,
Рестораны,Самара,Чучвара,Самарская область,,Кафе
Рестораны,Самара,Бар & Гриль МясО,Самарская область,,Бар
Рестораны,Самара,Перчини Пицца & Паста,Самарская область,,
Рестораны,Самара,Чучвара,Самарская область,,
Рестораны,Самара,Хачапурия,Самарская область,,
Рестораны,Тольятти,Il Grano,Самарская область,,
Рестораны,Тольятти,Изюм,Самарская область,,
Рестораны,Тольятти,Карл и Клара,Самарская область,,
Рестораны,Самара,Патари,Самарская область,,
Рестораны,Самара,Эклерная,Самарская область,,
Рестораны,Тольятти,Швейк,Самарская область,,Бар
Рестораны,Самара,Чайхона №1,Самарская область,,
Рестораны,Самара,Буфет на Соловьиной,Самарская область,,
Рестораны,Тольятти,Редкая птица,Самарская область,,
Рестораны,Самара,КипятокЪ,Самарская область,,
Рестораны,Тольятти,Восьмая миля,Самарская область,,
Рестораны,Тольятти,Union Bar,Самарская область,,
Рестораны,Тольятти,Ведро гвоздей,Самарская область,,Бар
Рестораны,Самара,Serbian Grill,Самарская область,,Кафе
Рестораны,Тольятти,Хлопок,Самарская область,,
Рестораны,Самара,Прага,Самарская область,,
Рестораны,Самара,Блинари,Самарская область,,
Рестораны,Самара,Галерея Ресторанов,Самарская область,,Бар
Рестораны,Тольятти,Удачное место,Самарская область,,Кафе
Рестораны,Самара,Cucina Casu,Самарская область,,
Рестораны,Самара,Da Luciano,Самарская область,,
Рестораны,Самара,Ресторан Честных Цен,Самарская область,,
Рестораны,Самара,Балкан Гриль,Самарская область,,
Рестораны,Самара,Friends Фуджи суши,Самарская область,,
Рестораны,Самара,Мята,Самарская область,,
Рестораны,Самара,Биджо,Самарская область,,
Рестораны,Самара,Ресторан Бразерия,Самарская область,,
Рестораны,Самара,Harat's pub в Самаре на Дачной (Хэратс паб),Самарская область,,
Рестораны,Самара,Максимилианс,Самарская область,,Бар
Рестораны,Самара,"Фуджи Суши ""Friends""",Самарская область,,
Рестораны,Самара,Лепрекон Бар,Самарская область,,
Рестораны,Тольятти,Усадьба,Самарская область,,
Рестораны,Тольятти,КакаоМама,Самарская область,,Кафе
Рестораны,Самара,Черчилль Bar,Самарская область,,
Рестораны,Самара,Дом Нино,Самарская область,,
Рестораны,Тольятти,Джон Сильвер,Самарская область,,Паб
Рестораны,Самара,Спотыкач,Самарская область,,
Рестораны,Самара,Хоровод,Самарская область,,
Рестораны,Самара,Хэдвуд,Самарская область,,
Рестораны,Сызрань,Панорама,Самарская область,,
Рестораны,Тольятти,ГОСТИ - Винный ресторан,Самарская область,,
Рестораны,Самара,Чайка,Самарская область,,"Бар,Паб"
Рестораны,Самара,Искра,Самарская область,,
Рестораны,Сызрань,Кафе У Кремля,Самарская область,,
Рестораны,Самара,Vinoterria,Самарская область,,
Рестораны,Самара,Пилзнер,Самарская область,,"Бар,Паб"
Рестораны,Тольятти,ЛюБлины,Самарская область,,
Рестораны,Тольятти,Хороший,Самарская область,,
Рестораны,Самара,Трактир У Палыча,Самарская область,,Фастфуд
Рестораны,Тольятти,Оливка,Самарская область,,
Рестораны,Самара,Vinograd,Самарская область,,
Рестораны,Самара,Хинкали & Хачапури,Самарская область,,
Рестораны,Самара,Марракеш,Самарская область,,Фастфуд
Рестораны,Самара,Jaw Pike,Самарская область,,"Бар,Паб"
Рестораны,Самара,Крем и Брюле,Самарская область,,
Рестораны,Самара,Три Оленя,Самарская область,,
Рестораны,Тольятти,Vesna,Самарская область,,Бар
Рестораны,Самара,Мама Люба,Самарская область,,
Рестораны,Самара,The Burger Out,Самарская область,,
Рестораны,Самара,Гитар Бар,Самарская область,,Бар
Рестораны,Самара,Route Bar ,Самарская область,,
Рестораны,Тольятти,Чеширский кот,Самарская область,,
Рестораны,Тольятти,Hollywood,Самарская область,,
Рестораны,Самара,Sehr Gut,Самарская область,,
Рестораны,Самара,Столовушка,Самарская область,,
Рестораны,Самара,Сидрерия Пива Нет,Самарская область,,
Рестораны,Самара,La Petite,Самарская область,,
Рестораны,Самара,Sky Bar,Самарская область,,
Рестораны,Самара,Robbi Cafe Italiano,Самарская область,,
Рестораны,Самара,Мушмула,Самарская область,,
Рестораны,Самара,Парбург,Самарская область,,Бар
Рестораны,Самара,Лагманная,Самарская область,,
Рестораны,Курумоч,Три Оленя,Самарская область,,
Рестораны,Самара,Пряный барашек,Самарская область,,
Рестораны,Самара,Покетерий,Самарская область,,
Рестораны,Самара,Ирландский бар PUB47,Самарская область,,
Рестораны,Самара,ТОСЁ,Самарская область,,
Рестораны,Тольятти,Восьмая миля Мотель,Самарская область,,
Рестораны,Самара,Surf Coffee x Globe,Самарская область,,
Рестораны,Самара,ДАДИ,Самарская область,,
Рестораны,Самара,Black Rabbit,Самарская область,,
Рестораны,Самара,Проливошная,Самарская область,,
Рестораны,Тольятти,Цуккини,Самарская область,,
Рестораны,Самара,Клауд Кафе,Самарская область,,
Рестораны,Самара,Прохлада,Самарская область,,
Рестораны,Самара,"Кафе "" 1 Рай""",Самарская область,,
Рестораны,Самара,LOBBY BAR Imperial,Самарская область,,
Рестораны,Самара,АОШИ,Самарская область,,"Бар,Паб"
Рестораны,Самара,Джузеппе,Самарская область,,
Рестораны,Самара,Мега Суши,Самарская область,,
Рестораны,Самара,Баскин Роббинс,Самарская область,,
Рестораны,Самара,Градус Доверия,Самарская область,,Бар
Рестораны,Самара,Breeze,Самарская область,,
Рестораны,Самара,Ресторан-бар Библиотека,Самарская область,,Паб
Рестораны,Самара,У Ханумы,Самарская область,,"Бар,Паб"
Рестораны,Тольятти,"Гастропаб ""Шале""",Самарская область,,
Рестораны,Самара,Хлебница,Самарская область,,
Рестораны,Самара,"Фуджи Суши ""Friends""",Самарская область,,
Рестораны,Самара,Luigi,Самарская область,,
Рестораны,Тольятти,Чайхана «Ай-Вай»,Самарская область,,
Рестораны,Сызрань,ресторан Трактир,Самарская область,,
Рестораны,Самара,Штолле,Самарская область,,Кафе
Рестораны,Самара,Coffee Jungle,Самарская область,,
Рестораны,Самара,Sunlight,Самарская область,,
Рестораны,Самара,Ресторан Francesco,Самарская область,,
Рестораны,Самара,Баскин Роббинс,Самарская область,,
Рестораны,Самара,Додо Пицца,Самарская область,,
Рестораны,Самара,Сказка,Самарская область,,
Рестораны,Самара,Голодная пиранья,Самарская область,,"Бар,Паб"
Рестораны,Самара,City of LONDON,Самарская область,,Кафе
Рестораны,Самара,Швейк,Самарская область,,
Рестораны,Самара,Спроси Француза,Самарская область,,
Рестораны,Самара,Ин Альто Итальянский Ресторан,Самарская область,,
Рестораны,Самара,МясоRooB,Самарская область,,
Рестораны,Самара,Ла Мезон,Самарская область,,
Рестораны,Тольятти,Ресторан ЛАДЬЯ,Самарская область,,
Рестораны,Самара,Чебуречная,Самарская область,,
Рестораны,Самара,Настроение Есть,Самарская область,,
Рестораны,Самара,Золотая пагода,Самарская область,,
Рестораны,Самара,ЦСК ВВС,Самарская область,,Фастфуд
Рестораны,Самара,Pleasures,Самарская область,,"Бар,Кафе,Паб"
Рестораны,Самара,Суши-Шоп,Самарская область,,
Рестораны,Самара,Omni Чайхана,Самарская область,,
Рестораны,Самара,Кафе Вена,Самарская область,,
Рестораны,Самара,ресторан Волга,Самарская область,,
Рестораны,Самара,IBIS Kitchen,Самарская область,,
Рестораны,Самара,Старая Пристань,Самарская область,,
Рестораны,Самара,The Soup,Самарская область,,
Рестораны,Самара,Хац Хаус,Самарская область,,
Рестораны,Тольятти,Амбар,Самарская область,,
Рестораны,Тольятти,Маяковский,Самарская область,,
Рестораны,Самара,Пир,Самарская область,,
Рестораны,Тольятти,Шири,Самарская область,,
Рестораны,Самара,Beerhouse,Самарская область,,
Рестораны,Самара,Папа Рядом Гриль-Паб,Самарская область,,
Рестораны,Тольятти,Сосновый бор,Самарская область,,
Рестораны,Тольятти,La Fattoria,Самарская область,,
Рестораны,Самара,Ал-Халал,Самарская область,,
Рестораны,Самара,Art & Fact,Самарская область,,
Рестораны,Самара,Picolla Pizza,Самарская область,,
Рестораны,Самара,Coffee Bean,Самарская область,,Кафе
Рестораны,Тольятти,Эдгар,Самарская область,,Кафе
Рестораны,Самара,Traveler's Coffee,Самарская область,,
Рестораны,Сызрань,Траттория,Самарская область,,
Рестораны,Самара,Subway,Самарская область,,Фастфуд
Рестораны,Тольятти,Кинто,Самарская область,,
Рестораны,Сызрань,Веранда,Самарская область,,
Рестораны,Новокуйбышевск,Ретро,Самарская область,,
Рестораны,Самара,Khutorok Ridniy,Самарская область,,
Рестораны,Самара,Макдоналдс,Самарская область,,Фастфуд
Рестораны,Тольятти,Святая Корова,Самарская область,,Бар
Рестораны,Самара,Лаврушка,Самарская область,,"Кафе,Фастфуд"
Рестораны,Тольятти,Кантина Мука,Самарская область,,
Рестораны,Самара,Лапша,Самарская область,,
Рестораны,Самара,Папа Джонс,Самарская область,,
Рестораны,Тольятти,Ау,Самарская область,,Кафе
Рестораны,Самара,Heavy Smoke Lounge,Самарская область,,
Рестораны,Тольятти,Папа Джонс,Самарская область,,
Рестораны,Самара,Пельменная дюжина,Самарская область,,
Рестораны,Самара,Сицилия,Самарская область,,
Рестораны,Тольятти,Аббатское,Самарская область,,Паб
Рестораны,Новокуйбышевск,Ташир Пицца,Самарская область,,Фастфуд
Рестораны,Самара,Макдоналдс,Самарская область,,Фастфуд
Рестораны,Самара,Утесов,Самарская область,,
Рестораны,Тольятти,Дрова,Самарская область,,Кафе
Рестораны,Тольятти,Маленький Париж,Самарская область,,Паб
Рестораны,Самара,Sirocco Lounge Bar,Самарская область,,
Рестораны,Самара,Кукарача,Самарская область,,
Рестораны,Тольятти,Ресторан Атаман,Самарская область,,
Рестораны,Самара,Biscuit,Самарская область,,
Рестораны,Самара,Наше место,Самарская область,,
Рестораны,Тольятти,Террасса,Самарская область,,
Рестораны,Самара,Милано,Самарская область,,
Рестораны,Самара,Чебуречная,Самарская область,,
Рестораны,Самара,New Garden,Самарская область,,
Рестораны,Самара,Пена,Самарская область,,Паб
Рестораны,Самара,Prohlada,Самарская область,,
Рестораны,Самара,Ресторан Честных Цен,Самарская область,,Бар
Рестораны,Самара,Хокку,Самарская область,,
Рестораны,Самара,Like Pizza,Самарская область,,
Рестораны,Самара,Атриум,Самарская область,,"Бар,Паб"
Рестораны,Тольятти,Папа Пекарь,Самарская область,,Фастфуд
Рестораны,Тольятти,Крошка Япошка,Самарская область,,
Рестораны,Самара,Солнечный рай,Самарская область,,
Рестораны,Самара,Cozy кафе,Самарская область,,
Рестораны,Тольятти,Додо Пицца,Самарская область,,
Рестораны,Самара,KFC,Самарская область,,
Рестораны,Самара,Жили-Были,Самарская область,,
Рестораны,Самара,Шашлык Хаус,Самарская область,,
Рестораны,Самара,Чайковский,Самарская область,,
Рестораны,Сызрань,Винтаж,Самарская область,,
Рестораны,Самара,Фон Вакано 1881,Самарская область,,
Рестораны,Самара,IPho Cafe,Самарская область,,
Рестораны,Самара,Додо пицца,Самарская область,,
Рестораны,Самара,Friends фуджи суши,Самарская область,,
Рестораны,Самара,McDonald's,Самарская область,,
Рестораны,Самара,Винил,Самарская область,,
Рестораны,Самара,Пастернак,Самарская область,,
Рестораны,Тольятти,Имбирь,Самарская область,,
Рестораны,Самара,Камеди Кафе,Самарская область,,Кафе
Рестораны,Самара,Farrini,Самарская область,,
Рестораны,Самара,Баскин Роббинс,Самарская область,,
Рестораны,Самара,33 пингвина,Самарская область,,
Рестораны,Самара,Шелк,Самарская область,,
Рестораны,Тольятти,Милано,Самарская область,,
Рестораны,Самара,Блинка,Самарская область,,
Рестораны,Самара,Медвежий угол,Самарская область,,
Рестораны,Тольятти,Гамбургерная,Самарская область,,Фастфуд
Рестораны,Самара,Дети Лейтенанта Шмидта,Самарская область,,
Рестораны,Самара,Elephant Street,Самарская область,,
Рестораны,Самара,Craft Burgers,Самарская область,,
Рестораны,Самара,Вахтангури,Самарская область,,Кафе
Рестораны,Самара,Фо Ми,Самарская область,,
Рестораны,Тольятти,День & Ночь,Самарская область,,Кафе
Рестораны,Тольятти,Verona,Самарская область,,
Рестораны,Самара,Сквозняк,Самарская область,,"Бар,Паб"
Рестораны,Самара,Блинка,Самарская область,,
Рестораны,Самара,Steak House RIBAY,Самарская область,,
Рестораны,Самара,Парадиз,Самарская область,,
Рестораны,Самара,Имбирь,Самарская область,,
Рестораны,Сызрань,Суши вёсла,Самарская область,,
Рестораны,Самара,Макхолл,Самарская область,,
Рестораны,Самара,Сицилия,Самарская область,,
Рестораны,Жигулевск,Евразия,Самарская область,,
Рестораны,Самара,Ерши,Самарская область,,Кафе
Рестораны,Самара,Хинкали&Хачапури,Самарская область,,
Рестораны,Самара,Первакъ,Самарская область,,
Рестораны,Тольятти,МакДоналдс,Самарская область,,Фастфуд
Рестораны,Самара,Амстердам,Самарская область,,
Рестораны,Самара,Волга,Самарская область,,
Рестораны,Самара,Кафе Чаша,Самарская область,,
Рестораны,Самара,Chick in China,Самарская область,,"Бар,Кафе"
Рестораны,Самара,Петровский,Самарская область,,
Рестораны,Самара,Big Boss,Самарская область,,
Рестораны,Самара,Бирлога,Самарская область,,Паб
Рестораны,Самара,BeerClub,Самарская область,,
Рестораны,Самара,Города мира,Самарская область,,
Рестораны,Самара,Неаполь,Самарская область,,
Рестораны,Самара,KFC,Самарская область,,Фастфуд
Рестораны,Самара,Veranda,Самарская область,,
Рестораны,Самара,Багратион,Самарская область,,
Рестораны,Самара,Масаго,Самарская область,,
Рестораны,Самара,Фабио,Самарская область,,
Рестораны,Тольятти,Карамель,Самарская область,,
Рестораны,Тольятти,Жемчужина Жигулей,Самарская область,,
Рестораны,Самара,Rocco Cafe,Самарская область,,
Рестораны,Самара,Емеля,Самарская область,,
Рестораны,Самара,Атлантида,Самарская область,,
Рестораны,Самара,Burger One,Самарская область,,
Рестораны,Самара,Bootlegger MuzCafe,Самарская область,,
Рестораны,Самара,Фабрика Пиццы,Самарская область,,
Рестораны,Самара,Рулька,Самарская область,,Паб
Рестораны,Тольятти,Дон Кихот,Самарская область,,
Рестораны,Самара,Ferma,Самарская область,,
Рестораны,Самара,Бирлога,Самарская область,,Паб
Рестораны,Тольятти,Pub XIII,Самарская область,,
Рестораны,Новокуйбышевск,Камелот,Самарская область,,
Рестораны,Тольятти,МарьИванна,Самарская область,,Фастфуд
Рестораны,Тольятти,За стеклом,Самарская область,,
Рестораны,Тольятти,Coffee Hall Атриум,Самарская область,,
Рестораны,Тольятти,Буфет №5,Самарская область,,
Рестораны,Самара,Блинка,Самарская область,,
Рестораны,Самара,Пальчики оближешь,Самарская область,,Фастфуд
Рестораны,Самара,Сова,Самарская область,,
Рестораны,Тольятти,Автосуши,Самарская область,,
Рестораны,Тольятти,Милано,Самарская область,,
Рестораны,Самара,La Scala,Самарская область,,
Рестораны,Сызрань,Звезда,Самарская область,,
Рестораны,Тольятти,Речник,Самарская область,,Кафе
Рестораны,Самара,Баскин Роббинс,Самарская область,,
Рестораны,Самара,Лаврушка,Самарская область,,
Рестораны,Самара,Ариба Пицца,Самарская область,,
Рестораны,Тольятти,Белка,Самарская область,,Фастфуд
Рестораны,Тольятти,Волгарь,Самарская область,,
Рестораны,Самара,Бирлога,Самарская область,,Паб
Рестораны,Самара,Сицилия,Самарская область,,
Рестораны,Приморский,Mews,Самарская область,,
Рестораны,Тольятти,Папа Пекарь,Самарская область,,Фастфуд
Рестораны,Самара,Огород,Самарская область,,Кафе
Рестораны,Самара,Music box,Самарская область,,Кафе
Рестораны,Тольятти,Жигулевская долина,Самарская область,,
Рестораны,Тольятти,Sushi Cool,Самарская область,,
Рестораны,Самара,ВилкиНет,Самарская область,,
Рестораны,Тольятти,Pizza Riva,Самарская область,,
Рестораны,Самара,Чинар,Самарская область,,
Рестораны,Самара,Алладин,Самарская область,,
Рестораны,Самара,Тояна,Самарская область,,Фастфуд
Рестораны,Самара,Tche Tche,Самарская область,,"Бар,Паб"
Рестораны,Ставропольский район,Те времена,Самарская область,,
Рестораны,Сызрань,Милано,Самарская область,,
Рестораны,Самара,Зайцы,Самарская область,,
Рестораны,Жигулевск,Сталкер,Самарская область,,
Рестораны,Самара,Тук-Тук,Самарская область,,
Рестораны,Самара,Пиросмани,Самарская область,,
Рестораны,Самара,Subway,Самарская область,,Фастфуд
Рестораны,Самара,Лукоморье,Самарская область,,
Рестораны,Жигулевск,Вольница,Самарская область,,
Рестораны,Самара,Монета,Самарская область,,
Рестораны,Самара,Богема,Самарская область,,
Рестораны,Самара,Чайный клуб,Самарская область,,
Рестораны,Тольятти,Sushi'n'roll,Самарская область,,
Рестораны,Тольятти,Ирландский паб,Самарская область,,Паб
Рестораны,Новокуйбышевск,Токио,Самарская область,,
Рестораны,Отрадный,Итальянский ресторан Barolo,Самарская область,,
Рестораны,Самара,Kill Fish Bar,Самарская область,,
Рестораны,Самара,Жили-Были,Самарская область,,
Рестораны,Тольятти,Coffee Hall Ледо,Самарская область,,
Рестораны,Тольятти,Ямбург,Самарская область,,
Рестораны,Тольятти,Pub Club,Самарская область,,Кафе
Рестораны,Тольятти,"Арт-кафе ""dе Фонаря""",Самарская область,,
Рестораны,Самара,Восточный базар,Самарская область,,
Рестораны,Самара,Емеля,Самарская область,,Фастфуд
Рестораны,Самара,Сакура,Самарская область,,
Рестораны,Самара,Friend Coffee,Самарская область,,
Рестораны,Самара,СССР,Самарская область,,
Рестораны,Самара,Пельменная 1,Самарская область,,
Рестораны,Самара,Васаби,Самарская область,,
Рестораны,Тольятти,Суши Бум,Самарская область,,Бар
Рестораны,Тольятти,Сербия От Драгана,Самарская область,,
Рестораны,Самара,Сэндвич,Самарская область,,
Рестораны,Самара,Coffee to Joy,Самарская область,,"Кафе,Фастфуд"
Рестораны,Самара,Чистые пруды,Самарская область,,
Рестораны,Самара,Киликия,Самарская область,,
Рестораны,Самара,Flamers Burgers,Самарская область,,Фастфуд
Рестораны,Тольятти,Чердак,Самарская область,,Паб
Рестораны,Тольятти,Пельмешка,Самарская область,,
Рестораны,Самара,Золотая рыбка,Самарская область,,Фастфуд
Рестораны,Самара,Вечно молодой,Самарская область,,"Бар,Паб"
Рестораны,Самара,Бургерная №1,Самарская область,,
Рестораны,Самара,Подъезд,Самарская область,,"Бар,Паб"
Рестораны,Самара,День и Ночь,Самарская область,,
Рестораны,Тольятти,OJ Bar,Самарская область,,
Рестораны,Самара,Restaurant La Mezon,Самарская область,,
Рестораны,Самара,У Гурмана,Самарская область,,
Рестораны,Самара,Кукси,Самарская область,,
Рестораны,Самара,Ташкент,Самарская область,,
Рестораны,Самара,ШИК,Самарская область,,Фастфуд
Рестораны,Самара,Варвара,Самарская область,,
Рестораны,Тольятти,Подсолнухи,Самарская область,,
Рестораны,Самара,Сицилия,Самарская область,,
Рестораны,Самара,Аномалия,Самарская область,,
Рестораны,Самара,"Бар ""Голодная пиранья""",Самарская область,,"Бар,Паб"
Рестораны,Сызрань,Додо Пицца,Самарская область,,
Рестораны,Тольятти,Причал,Самарская область,,Кафе
Рестораны,Тольятти,Берег,Самарская область,,
Рестораны,Самара,Gagawa,Самарская область,,
Рестораны,Тольятти,Ликан,Самарская область,,Кафе
Рестораны,Самара,Дракон и Феникс,Самарская область,,
Рестораны,Самара,Чешский Дворик,Самарская область,,
Рестораны,Самара,Блинофф,Самарская область,,Фастфуд
Рестораны,Самара,Пив-бар,Самарская область,,Паб
Рестораны,Жигулевск,Кристалл,Самарская область,,
Рестораны,Самара,Бельгийский паб Брюссель,Самарская область,,
Рестораны,Самара,Шашлычный Двор,Самарская область,,
Рестораны,Самара,Идол,Самарская область,,Бар
Рестораны,Тольятти,Руки Вверх Бар,Самарская область,,
Рестораны,Тольятти,Белый фартук,Самарская область,,
Рестораны,Самара,Konveer,Самарская область,,
Рестораны,Тольятти,Городская столовая №51,Самарская область,,
Рестораны,Сызрань,Гессен,Самарская область,,
Рестораны,Самара,Mavericks Coffee,Самарская область,,
Рестораны,Тольятти,Старый Дом,Самарская область,,
Рестораны,Самара,Сицилия,Самарская область,,
Рестораны,Самара,Чайхана Шарабара,Самарская область,,
Рестораны,Самара,FRIENDS Фуджи Суши,Самарская область,,
Рестораны,Тольятти,Суши Весла,Самарская область,,
Рестораны,Самара,Пить Любить,Самарская область,,
Рестораны,Тольятти,Vine Story,Самарская область,,
Рестораны,Тольятти,Золотое руно,Самарская область,,
Рестораны,Самара,Оазис,Самарская область,,
Рестораны,Ставропольский район,Лесной пир,Самарская область,,
Рестораны,Самара,Konig Schnitzel,Самарская область,,
Рестораны,Тольятти,Рубин,Самарская область,,
Рестораны,Тольятти,By Mama,Самарская область,,
Рестораны,Самара,Кафе на Ленинградской,Самарская область,,
Рестораны,Самара,Сбарро,Самарская область,,
Рестораны,Самара,Гватемала,Самарская область,,
Рестораны,Самара,Butcher Burger Bar,Самарская область,,
Рестораны,Самара,Додо Пицца,Самарская область,,
Рестораны,Самара,Советский,Самарская область,,
Рестораны,Тольятти,Хуторок,Самарская область,,
Рестораны,Самара,Суши-Шоу,Самарская область,,
Рестораны,Тольятти,Флоранс,Самарская область,,
Рестораны,Тольятти,Мари Л,Самарская область,,
Рестораны,Самара,Паб Patrik,Самарская область,,Паб
Рестораны,Самара,Империя,Самарская область,,Паб
Рестораны,Самара,Волна,Самарская область,,
Рестораны,Самара,Мир пиццы,Самарская область,,
Рестораны,Тольятти,Смак,Самарская область,,
Рестораны,Самара,Золотая рыбка,Самарская область,,
Рестораны,Тольятти,Начинито,Самарская область,,
Рестораны,Тольятти,Лось и кофе,Самарская область,,Паб
Рестораны,Самара,Мир пиццы,Самарская область,,
Рестораны,Сызрань,McDonalds,Самарская область,,
Рестораны,Самара,Блэк & Уайт,Самарская область,,
Рестораны,Тольятти,Papa Loft Restaurant,Самарская область,,
Рестораны,Самара,Палермо,Самарская область,,
Рестораны,Тольятти,Хит,Самарская область,,
Рестораны,Нефтегорск,Трактир,Самарская область,,Кафе
Рестораны,Самара,Белые воротнички,Самарская область,,
Рестораны,Самара,Сластена,Самарская область,,
Рестораны,Самара,Мясной дворик,Самарская область,,
Рестораны,Самара,Пивной бар,Самарская область,,Паб
Рестораны,Самара,Славянский базар,Самарская область,,
Рестораны,Тольятти,Вавилон,Самарская область,,"Бар,Паб"
Рестораны,Самара,Суши хаус,Самарская область,,
Рестораны,Самара,Волжанин,Самарская область,,
Рестораны,Самара,EL Toro,Самарская область,,
Рестораны,Самара,Паприка,Самарская область,,
Рестораны,Сызрань,Ешь Суши,Самарская область,,
Рестораны,Самара,Subway,Самарская область,,Фастфуд
Рестораны,Самара,Кинза,Самарская область,,
Рестораны,Самара,Чешская утка,Самарская область,,
Рестораны,Самара,Ташир Пицца,Самарская область,,
Рестораны,Белозёрка,Ахтамар,Самарская область,,
Рестораны,Самара,Jbar,Самарская область,,Кафе
Рестораны,Самара,Белый рояль,Самарская область,,
Рестораны,Самара,Ташир Пицца,Самарская область,,
Рестораны,Самара,То Сё,Самарская область,,
Рестораны,Тольятти,Веселье,Самарская область,,"Бар,Паб"
Рестораны,Тольятти,Максима,Самарская область,,
Рестораны,Самара,Пив-бар,Самарская область,,Паб
Рестораны,Самара,"Столовая на ул. Гаражный Проезд, 2",Самарская область,,
Рестораны,Тольятти,Sweetterra,Самарская область,,
Рестораны,Тольятти,Пикник,Самарская область,,Кафе
Рестораны,Красный Яр,Феникс,Самарская область,,
Рестораны,Тольятти,Cinnabon,Самарская область,,
Рестораны,Самара,Stella Artois,Самарская область,,
Рестораны,Тольятти,"Кафе ""У Людмилы""",Самарская область,,
Рестораны,Самара,Содружество,Самарская область,,
Рестораны,Самара,Hot Studio,Самарская область,,"Бар,Паб"
Рестораны,Тольятти,Лунный свет,Самарская область,,
Рестораны,Самара,Суши 100,Самарская область,,
Рестораны,Самара,Килфиш,Самарская область,,"Бар,Паб"
Рестораны,Самара,Гала,Самарская область,,
Рестораны,Новокуйбышевск,Panini Papa,Самарская область,,
Рестораны,Тольятти,Шашлычный Двор,Самарская область,,
Рестораны,Самара,Оазис,Самарская область,,Фастфуд
Рестораны,Самара,Ройлс Клуб,Самарская область,,
Рестораны,Тольятти,Луна,Самарская область,,
Рестораны,Самара,Корж Кофе & Десерты,Самарская область,,
Рестораны,Тольятти,Бельгийские вафли,Самарская область,,
Рестораны,Тольятти,Cafeteria,Самарская область,,
Рестораны,Самара,Осси Лаунж Клуб,Самарская область,,
Рестораны,Тольятти,Auto,Самарская область,,
Рестораны,Самара,Робинзон,Самарская область,,
Рестораны,Тольятти,Элит,Самарская область,,Кафе
Рестораны,Сызрань,Шатер,Самарская область,,
Рестораны,Самара,Ресторан Шишка,Самарская область,,
Рестораны,Самара,Хлебосол,Самарская область,,Фастфуд
Рестораны,Самара,Сытый Папа,Самарская область,,Фастфуд
Рестораны,Самара,Современник,Самарская область,,
Рестораны,Самара,Пиццерия СВ,Самарская область,,
Рестораны,Самара,Хотей,Самарская область,,
Рестораны,Тольятти,Студенческое,Самарская область,,Фастфуд
Рестораны,Самара,Компрендо,Самарская область,,"Бар,Паб"
Рестораны,Самара,Кавказ,Самарская область,,
Рестораны,Тольятти,Кино-кафе,Самарская область,,
Рестораны,Тольятти,Пивной король,Самарская область,,"Бар,Паб"
Рестораны,Тольятти,Red bar,Самарская область,,
Рестораны,Самара,Красный халат,Самарская область,,Кафе
Рестораны,Самара,Кишмиш,Самарская область,,
Рестораны,Самара,Чаshka,Самарская область,,
Рестораны,Самара,KFC,Самарская область,,Фастфуд
Рестораны,Самара,Бриз,Самарская область,,
Рестораны,Самара,Вилли-Нилли,Самарская область,,
Рестораны,Самара,Palermo,Самарская область,,
Рестораны,Самара,Русский Лес,Самарская область,,
Рестораны,Самара,Каледония,Самарская область,,
Рестораны,Самара,Прохлада,Самарская область,,
Рестораны,Тольятти,По-домашнему,Самарская область,,Фастфуд
Рестораны,Самара,Три Литра,Самарская область,,"Бар,Паб"
Рестораны,Новокуйбышевск,Макдоналдс,Самарская область,,Фастфуд
Рестораны,Самара,Акэбоно,Самарская область,,
Рестораны,Тольятти,Лига Паб,Самарская область,,"Бар,Паб"
Рестораны,Самара,Бильярдный Клуб Шар,Самарская область,,
Рестораны,Самара,Subway,Самарская область,,Фастфуд
Рестораны,Самара,Сакура,Самарская область,,
Рестораны,Самара,Старый замок,Самарская область,,
Рестораны,Тольятти,Папа Пекарь,Самарская область,,Фастфуд
Рестораны,Самара,Сыт и весел,Самарская область,,
Рестораны,Тольятти,Мастер Пекарь,Самарская область,,
Рестораны,Тольятти,Планета вкуса,Самарская область,,
Рестораны,Тольятти,Зимняя вишня,Самарская область,,Фастфуд
Рестораны,Самара,777,Самарская область,,
Рестораны,Самара,Витязь,Самарская область,,
Рестораны,Тольятти,Мульти Джус Бар,Самарская область,,"Бар,Паб"
Рестораны,Самара,Sbarro,Самарская область,,Фастфуд
Рестораны,Самара,Пивная Крюгера,Самарская область,,Паб
Рестораны,Тольятти,Мушу,Самарская область,,Кафе
Рестораны,Самара,Студенческое,Самарская область,,
Рестораны,Самара,Перец,Самарская область,,
Рестораны,Самара,Седьмое небо,Самарская область,,
Рестораны,Самара,Лапшань,Самарская область,,
Рестораны,Самара,Коты,Самарская область,,
Рестораны,Самара,Brioche,Самарская область,,
Рестораны,Тольятти,Империя,Самарская область,,
Рестораны,Самара,Пивной бар,Самарская область,,Паб
Рестораны,Самара,Ставки & Пиво,Самарская область,,Паб
Рестораны,Тольятти,Восточный базар,Самарская область,,Фастфуд
Рестораны,Самара,Русский стиль,Самарская область,,
Рестораны,Самара,Пельмеши,Самарская область,,
Рестораны,Тольятти,Старый город,Самарская область,,
Рестораны,Тольятти,Фонтан,Самарская область,,Кафе
Рестораны,Самара,Для друзей,Самарская область,,
Рестораны,Самара,Шашлычок,Самарская область,,
Рестораны,Тольятти,Барсук,Самарская область,,
Рестораны,Самара,Крошка-Картошка,Самарская область,,Фастфуд
Рестораны,Самара,Мама Чоли,Самарская область,,
Рестораны,Тольятти,Горница,Самарская область,,
Рестораны,Самара,Лесное,Самарская область,,
Рестораны,Самара,Фламинго,Самарская область,,Фастфуд
Рестораны,Самара,"Столовая на Проспекте Кирова, 34Б",Самарская область,,
Рестораны,Самара,Калинка,Самарская область,,
Рестораны,Новокуйбышевск,Пинта,Самарская область,,Кафе
Рестораны,Новокуйбышевск,Gringo,Самарская область,,Фастфуд
Рестораны,Самара,Восточный базар,Самарская область,,
Рестораны,Тольятти,Мастер Фастер,Самарская область,,Фастфуд
Рестораны,Самара,Арбуз,Самарская область,,
Рестораны,Тольятти,Ладушка,Самарская область,,Фастфуд
Рестораны,Самара,Сахар,Самарская область,,
Рестораны,Тольятти,Хлеб-Соль,Самарская область,,
Рестораны,Тольятти,Вареничная,Самарская область,,
Рестораны,Тольятти,У фонтана,Самарская область,,
Рестораны,Самара,Zeffir,Самарская область,,
Рестораны,Самара,Maska,Самарская область,,
Рестораны,Тольятти,Тема,Самарская область,,"Бар,Паб"
Рестораны,Тольятти,О-Лекс,Самарская область,,"Бар,Паб"
Рестораны,Самара,Триумф,Самарская область,,Кафе
Рестораны,Самара,Дача,Самарская область,,
Рестораны,Самара,Блинка,Самарская область,,
Рестораны,Самара,Choko life,Самарская область,,
Рестораны,Самара,ЖИВА,Самарская область,,
Рестораны,Тольятти,Bizkaia,Самарская область,,
Рестораны,Тольятти,Милано,Самарская область,,
Рестораны,Тольятти,Луна,Самарская область,,
Рестораны,Самара,Твой Путь,Самарская область,,"Бар,Паб"
Рестораны,Жигулевск,У озера,Самарская область,,
Рестораны,Тольятти,Городская Столовая №51,Самарская область,,
Рестораны,Тольятти,Октябринка,Самарская область,,Фастфуд
Рестораны,Самара,Золотое руно,Самарская область,,
Рестораны,Тольятти,MDC,Самарская область,,
Рестораны,Самара,Фабрика Суши,Самарская область,,
Рестораны,Тольятти,Camelot,Самарская область,,
Рестораны,Тольятти,Перекресток,Самарская область,,
Рестораны,Тольятти,Дозаправка,Самарская область,,
Рестораны,Тольятти,Шурави,Самарская область,,
Рестораны,Тольятти,Ваби,Самарская область,,
Рестораны,Самара,Джуна,Самарская область,,
Рестораны,Самара,Rich Garden,Самарская область,,
Рестораны,Тольятти,Сербия От Драгана,Самарская область,,
Рестораны,Самара,Киш миш,Самарская область,,
Рестораны,Самара,Старый очаг,Самарская область,,
Рестораны,Самара,Курумка,Самарская область,,
Рестораны,Тольятти,Serebro,Самарская область,,
Рестораны,Самара,Мистер Хот Дог,Самарская область,,Фастфуд
Рестораны,Самара,Русский стиль,Самарская область,,
Рестораны,Самара,Мистер Хот Дог,Самарская область,,Фастфуд
Рестораны,Тольятти,Бар Президент,Самарская область,,
Рестораны,Самара,ДимСам Клуб,Самарская область,,
Рестораны,Новокуйбышевск,Фонтан,Самарская область,,
Рестораны,Самара,Европейская кухня,Самарская область,,
Рестораны,Самара,Friend Coffee,Самарская область,,
Рестораны,Самара,Via Veneto,Самарская область,,
Рестораны,Тольятти,Седьмая кружка,Самарская область,,Кафе
Рестораны,Новокуйбышевск,Что Делать ?!,Самарская область,,
Рестораны,Самара,Встреча,Самарская область,,
Рестораны,Самара,Мафия,Самарская область,,
Рестораны,Жигулевск,Августов,Самарская область,,
Рестораны,Самара,Старый капрал,Самарская область,,"Бар,Паб"
Рестораны,Тольятти,Глазурь,Самарская область,,
Рестораны,Самара,Пивновъ,Самарская область,,
Рестораны,Новокуйбышевск,Камакура,Самарская область,,
Рестораны,Самара,Кинапыч,Самарская область,,
Рестораны,Самара,Беседка,Самарская область,,Кафе
Рестораны,Самара,Самара-116,Самарская область,,Фастфуд
Рестораны,Тольятти,Косточка,Самарская область,,Кафе
Рестораны,Тольятти,Пельмень-Барин,Самарская область,,Фастфуд
Рестораны,Самара,Ни пуха-ни пера!,Самарская область,,
Рестораны,Новокуйбышевск,Мистер Хот Дог,Самарская область,,Фастфуд
Рестораны,Новокуйбышевск,Mon cafe,Самарская область,,
Рестораны,Жигулевск,777,Самарская область,,
Рестораны,Жигулевск,Абриколь,Самарская область,,"Бар,Паб"
Рестораны,Жигулевск,Мокша,Самарская область,,
Рестораны,Ставропольский район,Баринъ,Самарская область,,
Рестораны,Новокуйбышевск,2x2,Самарская область,,
Рестораны,Узюково,Клешня,Самарская область,,"Бар,Паб"
Рестораны,Узюково,Сосновый бор,Самарская область,,
Рестораны,Самара,Опиум Лаунж-Бар,Самарская область,,
Рестораны,Тольятти,Казанова,Самарская область,,Фастфуд
Рестораны,Самара,#HelloAsia,Самарская область,,
Рестораны,Самара,По Чесноку,Самарская область,,
Рестораны,Самара,VEGGIE Life,Самарская область,,
Рестораны,Самара,KFC,Самарская область,,Фастфуд
Рестораны,Самара,Matilde Cafe,Самарская область,,
Рестораны,Самара,Domino's Pizza,Самарская область,,
Рестораны,Самара,Ostrovsky Restaurant & Bar,Самарская область,,
Рестораны,Самара,Папа Пекарь,Самарская область,,Фастфуд
Рестораны,Самара,Domino's Pizza,Самарская область,,
Рестораны,Самара,Traveler's Coffee,Самарская область,,Кафе
Рестораны,Самара,Гриль Клуб,Самарская область,,Фастфуд
Рестораны,Тольятти,Русский пир,Самарская область,,
Рестораны,Самара,Невинный погребок,Самарская область,,
Рестораны,Самара,Сытный дворик,Самарская область,,Фастфуд
Рестораны,Самара,Столовушка,Самарская область,,
Рестораны,Самара,Сонита,Самарская область,,
Рестораны,Самара,РеалБистро,Самарская область,,Фастфуд
Рестораны,Самара,Мистер Хот Дог,Самарская область,,Фастфуд
Рестораны,Самара,ДАВНО ПОРА,Самарская область,,
Рестораны,Самара,Три мушкетёра,Самарская область,,Кафе
Рестораны,Самара,#HelloAsia,Самарская область,,
Рестораны,Самара,Кафе на Карбышева,Самарская область,,
Рестораны,Самара,"Столовая на Аэродромной, 45А",Самарская область,,
Рестораны,Самара,Подсолнух,Самарская область,,Фастфуд
Рестораны,Самара,Такеши и Акира,Самарская область,,
Рестораны,Самара,Магдалина,Самарская область,,
Рестораны,Самара,Баранкино,Самарская область,,
Рестораны,Самара,Blasercafe,Самарская область,,
Рестораны,Самара,Mama Roma,Самарская область,,
Рестораны,Сызрань,Гриль Бар,Самарская область,,
Рестораны,Самара,Зимушка,Самарская область,,
Рестораны,Тольятти,Очаг,Самарская область,,Кафе
Рестораны,Самара,Разгуляй,Самарская область,,
Рестораны,Жигулевск,Эдо,Самарская область,,
Рестораны,Сызрань,Ресторан Провинция,Самарская область,,
Рестораны,Самара,Кофиока,Самарская область,,
Рестораны,Самара,Дом пиццы,Самарская область,,
Рестораны,Самара,Mama Roma,Самарская область,,
Рестораны,Самара,ЗДЕСЬ,Самарская область,,"Бар,Паб"
Рестораны,Самара,Burum,Самарская область,,"Бар,Кафе,Паб"
Рестораны,Самара,Smoky People,Самарская область,,
Рестораны,Самара,Столовка,Самарская область,,
Рестораны,Самара,Паб  XIII,Самарская область,,
Рестораны,Самара,Столовая,Самарская область,,
Рестораны,Самара,Ешь руками,Самарская область,,
Рестораны,Самара,Хайям,Самарская область,,
Рестораны,Тольятти,Shisha,Самарская область,,
Рестораны,Тольятти,Ханой,Самарская область,,
Рестораны,Тольятти,Flame,Самарская область,,Кафе
Рестораны,Ставропольский район,Ресторан РАНЧО,Самарская область,,
Рестораны,Тольятти,Неолит,Самарская область,,
Рестораны,Береза,Гренки Паб,Самарская область,,"Фастфуд,Паб"
Рестораны,Новокуйбышевск,Астория,Самарская область,,
Рестораны,Самара,Встреча,Самарская область,,
Рестораны,Самара,Летний Бар,Самарская область,,
Рестораны,Новокуйбышевск,Verona,Самарская область,,
Рестораны,Самара,"Столовая на Ракитовском Шоссе, 3",Самарская область,,
Рестораны,Самара,Сбарро,Самарская область,,
Рестораны,Самара,Relax,Самарская область,,
Рестораны,Самара,Акиро,Самарская область,,
Рестораны,Самара,Килфиш,Самарская область,,"Бар,Паб"
Рестораны,Самара,Кафе Палуба,Самарская область,,
Рестораны,Тольятти,Сыто-Пряно,Самарская область,,
Рестораны,Самара,Vacuum,Самарская область,,"Бар,Паб"
Рестораны,Самара,Yes Pizza,Самарская область,,
Рестораны,Самара,DK,Самарская область,,
Рестораны,Самара,Песочный замок,Самарская область,,
Рестораны,Самара,Суши Шоп,Самарская область,,
Рестораны,Самара,По ту сторону,Самарская область,,
Рестораны,Самара,Sbarro,Самарская область,,Фастфуд
Рестораны,Тольятти,Амиго,Самарская область,,
Рестораны,Новокуйбышевск,Маэстро,Самарская область,,
Рестораны,Тольятти,Ресторан Golden City,Самарская область,,
Рестораны,Самара,Шансон у Вакано,Самарская область,,
Рестораны,Тольятти,Порт Моне,Самарская область,,Бар
Рестораны,Сызрань,Naglo Bar,Самарская область,,"Бар,Паб"
Рестораны,Тольятти,Ресторан La Rotonda,Самарская область,,
Рестораны,Самара,Biscuit,Самарская область,,
Рестораны,Тольятти,Тарантино,Самарская область,,Кафе
Рестораны,Самара,География,Самарская область,,
Рестораны,Самара,Беркут,Самарская область,,
Рестораны,Самара,Sandwich Seven Days,Самарская область,,
Рестораны,Самара,Суши-Терра,Самарская область,,
Рестораны,Самара,Белуга На Волге,Самарская область,,
Рестораны,Самара,"Спорт-Бар на Владимирской, 48 Корп. 1",Самарская область,,
Рестораны,Самара,PIZZA KIT,Самарская область,,"Бар,Паб"
Рестораны,Самара,Тутти Фрутти Фрозен Йогурт,Самарская область,,Кафе
Рестораны,Самара,Заводные булки,Самарская область,,
Рестораны,Тольятти,У Мясника,Самарская область,,
Рестораны,Самара,Визит,Самарская область,,
Рестораны,Самара,Самарский Пивоваръ,Самарская область,,
Рестораны,Тольятти,Суши Бум,Самарская область,,
Рестораны,Тольятти,Арцах,Самарская область,,Кафе
Рестораны,Самара,Ели мясо мужики,Самарская область,,
Рестораны,Новокуйбышевск,Экспресс,Самарская область,,
Рестораны,Самара,Пивной базар,Самарская область,,Паб
Рестораны,Самара,Хорошее Заведение,Самарская область,,
Рестораны,Самара,Пиццерия Милано,Самарская область,,
Рестораны,Тольятти,Bellagio,Самарская область,,
Рестораны,Тольятти,Амиго,Самарская область,,"Бар,Паб"
Рестораны,Самара,Каспий,Самарская область,,Кафе
Рестораны,Тольятти,ШашлыкоFF,Самарская область,,
Рестораны,Самара,Чайхана Зира,Самарская область,,
Рестораны,Новосемейкино,Маэстро,Самарская область,,
Рестораны,Самара,Оазис,Самарская область,,Фастфуд
Рестораны,Самара,Nebar,Самарская область,,"Бар,Паб"
Рестораны,Красноярский район,Золотой берег,Самарская область,,
Рестораны,Самара,Бар BARIN,Самарская область,,
Рестораны,Самара,Столовка 5 звёзд,Самарская область,,
Рестораны,Самара,Domino's Pizza,Самарская область,,
Рестораны,Самара,Сектор Газа,Самарская область,,
Рестораны,Самара,Донер Кебаб,Самарская область,,
Рестораны,Самара,Шансон,Самарская область,,
Рестораны,Самара,Золотое Кольцо,Самарская область,,
Рестораны,Новокуйбышевск,ЖИШИ СУШИ,Самарская область,,
Рестораны,Сызрань,пиццерия UnoMomenta/Бильярдный клуб,Самарская область,,
Рестораны,Самара,Beer Garden,Самарская область,,
Рестораны,Самара,"Корчма ""Гопак""",Самарская область,,"Бар,Паб"
Рестораны,Сызрань,Итальянский Ресторан Розмарин,Самарская область,,
Рестораны,Сызрань,Шеф Лаваш,Самарская область,,
Рестораны,Самара,Своя тарелка,Самарская область,,
Рестораны,Самара,Своя тарелка,Самарская область,,
Рестораны,Прибрежный,Burger Max,Самарская область,,
Рестораны,Самара,Своя тарелка,Самарская область,,
Рестораны,Самара,Своя тарелка,Самарская область,,
Рестораны,Самара,K-Town,Самарская область,,Паб
Рестораны,Самара,KOTTA Cafe & Bar,Самарская область,,
Рестораны,Самара,Lounge Bar Befoz,Самарская область,,
Рестораны,Самара,Charter's Pub,Самарская область,,
Рестораны,Новосемейкино,Экспресс,Самарская область,,
Рестораны,Береза,Grenki Pub,Самарская область,,Паб
Рестораны,Самара,Крошка Молли,Самарская область,,
Рестораны,Новокуйбышевск,Edashop,Самарская область,,
Рестораны,Новокуйбышевск,Бочонок,Самарская область,,"Бар,Паб"
Рестораны,Новокуйбышевск,Mr. Бургер,Самарская область,,
Рестораны,Новокуйбышевск,Южанка,Самарская область,,
Рестораны,Новокуйбышевск,Суворов Бар,Самарская область,,Кафе
Рестораны,Новокуйбышевск,Каспий,Самарская область,,
Рестораны,Новокуйбышевск,Ковчег,Самарская область,,
Рестораны,Новокуйбышевск,Ассорти,Самарская область,,
Рестораны,Новокуйбышевск,Гурман,Самарская область,,
Рестораны,Новокуйбышевск,Карамель,Самарская область,,
Рестораны,Новокуйбышевск,Додо Пицца,Самарская область,,"Кафе,Фастфуд"
Рестораны,Новокуйбышевск,Новинка,Самарская область,,
Рестораны,Новокуйбышевск,Сутеки,Самарская область,,
Рестораны,Новокуйбышевск,Новинка,Самарская область,,Кафе
Рестораны,Новокуйбышевск,Изумруд,Самарская область,,
Рестораны,Новокуйбышевск,На Шоссейной,Самарская область,,
Рестораны,Тольятти,Северянка,Самарская область,,
Рестораны,Тольятти,Спутник,Самарская область,,
Рестораны,Тольятти,У Галины,Самарская область,,
Рестораны,Тольятти,Студенческое,Самарская область,,Фастфуд
Рестораны,Тольятти,Триумф,Самарская область,,
Рестораны,Тольятти,Розовое,Самарская область,,
Рестораны,Тольятти,Уют,Самарская область,,
Рестораны,Тольятти,Хуан Гун,Самарская область,,
Рестораны,Тольятти,Чайка,Самарская область,,
Рестораны,Тольятти,Чайка,Самарская область,,"Бар,Паб"
Рестораны,Тольятти,Восток,Самарская область,,"Бар,Паб"
Рестораны,Тольятти,Южная ночь,Самарская область,,Кафе
Рестораны,Тольятти,Coffee Hall Panorama,Самарская область,,
Рестораны,Тольятти,Фуд-Корт,Самарская область,,
Рестораны,Тольятти,Квартал,Самарская область,,
Рестораны,Тольятти,Прилесье,Самарская область,,
Рестораны,Тольятти,Диана,Самарская область,,
Рестораны,Тольятти,Вояж,Самарская область,,Фастфуд
Рестораны,Тольятти,Виктория,Самарская область,,Кафе
Рестораны,Тольятти,Дворик,Самарская область,,
Рестораны,Тольятти,Креатив,Самарская область,,Кафе
Рестораны,Тольятти,Гуляй Душа,Самарская область,,
Рестораны,Тольятти,Городская столовая №51,Самарская область,,
Рестораны,Тольятти,Lachin,Самарская область,,
Рестораны,Тольятти,Блинfest,Самарская область,,Фастфуд
Рестораны,Тольятти,Купец,Самарская область,,Кафе
Рестораны,Тольятти,Пивной Трюм,Самарская область,,"Бар,Паб"
Рестораны,Тольятти,Евростоловая,Самарская область,,
Рестораны,Тольятти,Купчиха,Самарская область,,Фастфуд
Рестораны,Тольятти,Горец,Самарская область,,Кафе
Рестораны,Тольятти,Летучая мышь,Самарская область,,Кафе
Рестораны,Тольятти,Крепость,Самарская область,,Кафе
Рестораны,Тольятти,Blazer,Самарская область,,Кафе
Рестораны,Тольятти,Good Food,Самарская область,,
Рестораны,Тольятти,Кайдзу,Самарская область,,"Бар,Паб"
Рестораны,Тольятти,"Кафе на Новозаводской, 2",Самарская область,,
Рестораны,Тольятти,Столовка,Самарская область,,
Рестораны,Тольятти,Коралл,Самарская область,,
Рестораны,Тольятти,Пиво У Кеши,Самарская область,,"Бар,Паб"
Рестораны,Тольятти,33 тарелки,Самарская область,,Фастфуд
Рестораны,Тольятти,Пивявка,Самарская область,,"Бар,Паб"
Рестораны,Тольятти,Bonappetit,Самарская область,,
Рестораны,Тольятти,Iris,Самарская область,,
Рестораны,Тольятти,Cafe del Mari,Самарская область,,
Рестораны,Тольятти,Эдо,Самарская область,,
Рестораны,Тольятти,Lounge Bar,Самарская область,,"Бар,Паб"
Рестораны,Тольятти,Maxima,Самарская область,,Фастфуд
Рестораны,Тольятти,Natali,Самарская область,,
Рестораны,Тольятти,Респект,Самарская область,,"Бар,Паб"
Рестораны,Тольятти,Savanna,Самарская область,,Кафе
Рестораны,Тольятти,Бургерная Prime,Самарская область,,Фастфуд
Рестораны,Тольятти,Кофе in,Самарская область,,
Рестораны,Тольятти,Khinkali-Vo,Самарская область,,
Рестораны,Тольятти,Жако роллы и пицца,Самарская область,,Фастфуд
Рестораны,Тольятти,Бистро,Самарская область,,Фастфуд
Рестораны,Тольятти,Кофе Rich,Самарская область,,Кафе
Рестораны,Тольятти,Sombrero,Самарская область,,
Рестораны,Тольятти,Time Share,Самарская область,,
Рестораны,Тольятти,Fox-Bar,Самарская область,,
Рестораны,Тольятти,"Спорт-Бар на ул. Карла Маркса, 23А",Самарская область,,
Рестораны,Тольятти,Запив,Самарская область,,"Бар,Паб"
Рестораны,Тольятти,Октябринка,Самарская область,,Фастфуд
Рестораны,Тольятти,Мясо Булка,Самарская область,,"Бар,Паб"
Рестораны,Тольятти,Блинberry,Самарская область,,
Рестораны,Тольятти,Николушка,Самарская область,,
Рестораны,Тольятти,Живые Волжские Раки,Самарская область,,
Рестораны,Тольятти,Hard Coffee,Самарская область,,
Рестораны,Тольятти,Жако Роллы и Пицца,Самарская область,,Фастфуд
Рестораны,Тольятти,Мираж,Самарская область,,Паб
Рестораны,Тольятти,Чулан,Самарская область,,
Рестораны,Тольятти,Малина,Самарская область,,"Бар,Паб"
Рестораны,Тольятти,Морячок,Самарская область,,"Бар,Паб"
Рестораны,Тольятти,У Палыча,Самарская область,,
Рестораны,Тольятти,Блинная,Самарская область,,Фастфуд
Рестораны,Тольятти,Винный погребок,Самарская область,,
Рестораны,Тольятти,Паб Мистер Бирс,Самарская область,,"Бар,Паб"
Рестораны,Тольятти,Сели-Поели,Самарская область,,
Рестораны,Тольятти,"Столовая на Тополиной, 24А Корп. 3",Самарская область,,
Рестораны,Тольятти,Гоголь,Самарская область,,
Рестораны,Тольятти,Водолей,Самарская область,,
Рестораны,Курумоч,Транзит,Самарская область,,
Рестораны,Тольятти,Пивная изба,Самарская область,,"Бар,Паб"
Рестораны,Тольятти,Пивная лавка,Самарская область,,"Бар,Паб"
Рестораны,Переволоки,Арагви,Самарская область,,
Рестораны,Тольятти,Coffee Studio,Самарская область,,
Рестораны,Тольятти,Волга Мама,Самарская область,,"Бар,Паб"
Рестораны,Красный Яр,Заречье,Самарская область,,
Рестораны,Красный Яр,Зависай,Самарская область,,
Рестораны,Красный Яр,Лилия,Самарская область,,
Рестораны,Тольятти,Красная Роза,Самарская область,,
Рестораны,Тольятти,Mojocoffee,Самарская область,,
Рестораны,Тольятти,Начинито,Самарская область,,
Рестораны,Тольятти,Октябринка,Самарская область,,Фастфуд
Рестораны,Тольятти,Kraft&Selfie,Самарская область,,
Рестораны,Тольятти,7 Нот,Самарская область,,
Рестораны,Тольятти,Пивявка,Самарская область,,"Бар,Паб"
Рестораны,Красный Яр,Махаон,Самарская область,,
Рестораны,Тольятти,Голдмарк,Самарская область,,"Бар,Паб"
Рестораны,Тольятти,Раяна,Самарская область,,
Рестораны,Тольятти,Hotdogs,Самарская область,,
Рестораны,Тольятти,Бар на бульваре Кулибина,Самарская область,,"Бар,Паб"
Рестораны,Самара,Кексарики,Самарская область,,
Рестораны,Самара,Матрешка,Самарская область,,Кафе
Рестораны,Самара,Жако роллы и пицца,Самарская область,,
Рестораны,Заглядовка,Родник,Самарская область,,
Рестораны,Самара,2х2,Самарская область,,Фастфуд
Рестораны,Самара,Кружечный двор,Самарская область,,"Бар,Паб"
Рестораны,Самара,Ресторан Звёздный,Самарская область,,
Рестораны,Узюково,Кафе на Ленина,Самарская область,,
Рестораны,Самара,IL'kato,Самарская область,,
Рестораны,Ставропольский район,Городская Столовая №51,Самарская область,,
Рестораны,Самара,Кинобар,Самарская область,,
Рестораны,Хрящевка,Пицца Фабрицио,Самарская область,,Кафе
Рестораны,Стройкерамика,Пандок,Самарская область,,
Рестораны,Сызрань,Boroda Family,Самарская область,,Фастфуд
Рестораны,Сызрань,Cafe Grace,Самарская область,,
Рестораны,Жигулевск,Магистраль,Самарская область,,Фастфуд
Рестораны,Суходол,"Кафе Пельменная ""ПОБЕДА""",Самарская область,,
Рестораны,Самара,Пикник,Самарская область,,
Рестораны,Самара,Седьмое небо,Самарская область,,
Рестораны,Самара,Магдалина,Самарская область,,
Рестораны,Самара,Ремиз,Самарская область,,
Рестораны,Самара,Mâsoed: grilʹ-bistro,Самарская область,,
Рестораны,Самара,Сушишоп,Самарская область,,
Рестораны,Самара,Михаил,Самарская область,,
Рестораны,Самара,Час Пик,Самарская область,,
Рестораны,Самара,Марта,Самарская область,,
Рестораны,Самара,Кормушка,Самарская область,,
Рестораны,Самара,Black Star Burger,Самарская область,,
Рестораны,Самара,Greench,Самарская область,,
Рестораны,Самара,Atom,Самарская область,,
Рестораны,Самара,Добавка,Самарская область,,Фастфуд
Рестораны,Самара,Tet a Tet,Самарская область,,
Рестораны,Самара,Сушиоке,Самарская область,,
Рестораны,Самара,ТЕБЕ НЕ УГОДИШЬ,Самарская область,,Бар
Рестораны,Самара,KFC ГудОк,Самарская область,,
Рестораны,Самара,Волжский утес,Самарская область,,Кафе
Рестораны,Самара,Сушишоп,Самарская область,,
Рестораны,Самара,Коктейль,Самарская область,,"Бар,Паб"
Рестораны,Самара,Аист,Самарская область,,
Рестораны,Самара,Домашняя кухня,Самарская область,,
Рестораны,Самара,Дон Жуан,Самарская область,,Кафе
Рестораны,Самара,Сушишоп,Самарская область,,
Рестораны,Самара,Drunkard Bar,Самарская область,,
Рестораны,Самара,McDonald's,Самарская область,,Кафе
Рестораны,Самара,Кофе Хаус,Самарская область,,
Рестораны,Самара,Kафе Hабран,Самарская область,,
Рестораны,Самара,7Арт,Самарская область,,
Рестораны,Самара,Лапша,Самарская область,,
Рестораны,Самара,Суши пицца,Самарская область,,
Рестораны,Самара,Wake Cup Coffee,Самарская область,,Кафе
Рестораны,Самара,Каркаде Лаунж Бар,Самарская область,,
Рестораны,Самара,Rico&Diverso,Самарская область,,
Рестораны,Самара,"Буфет на проспекте Кирова, 24 корп. 42",Самарская область,,
Рестораны,Самара,Братья Burrito,Самарская область,,
Рестораны,Самара,Застолье,Самарская область,,Фастфуд
Рестораны,Самара,Буфет на Кабельной,Самарская область,,
Рестораны,Самара,"Буфет на проспекте Кирова, 2А",Самарская область,,
Рестораны,Самара,"Закусочная на Владимирской, 33 Корп. 2",Самарская область,,
Рестораны,Самара,Бубен-Бар,Самарская область,,
Рестораны,Самара,Золотой Шампур,Самарская область,,
Рестораны,Самара,Букинский Плов,Самарская область,,
Рестораны,Самара,"Буфет на ул. Земеца, 33Б",Самарская область,,
Рестораны,Самара,Заречье,Самарская область,,
Рестораны,Самара,Старое кафе,Самарская область,,Кафе
Рестораны,Самара,"Бар на ул. 22 Партсъезда, 33",Самарская область,,
Рестораны,Самара,Браво,Самарская область,,
Рестораны,Самара,"Бар на Проспекте Металлургов, 77",Самарская область,,
Рестораны,Самара,"Бар на Проспекте Кирова, 143 Корп. 4",Самарская область,,
Рестораны,Самара,Бар на Победы,Самарская область,,
Рестораны,Самара,"Бар на ул. Победы, 134",Самарская область,,
Рестораны,Самара,Буфет на Куйбышева,Самарская область,,
Рестораны,Самара,Бар на Советской,Самарская область,,
Рестораны,Самара,"Бар на ул. Советской Армии, 200",Самарская область,,
Рестораны,Самара,Бар на Земеца,Самарская область,,
Рестораны,Самара,"Бар на Заводском Шоссе, 50А",Самарская область,,
Рестораны,Самара,Sushi Pizza HD,Самарская область,,
Рестораны,Самара,Уют,Самарская область,,
Рестораны,Самара,Sushi Box,Самарская область,,"Кафе,Фастфуд"
Рестораны,Самара,Аппетит,Самарская область,,
Рестораны,Самара,Спутник,Самарская область,,Кафе
Рестораны,Самара,Каламбур,Самарская область,,
Рестораны,Самара,Старый дворик,Самарская область,,
Рестораны,Самара,Джонни Ву,Самарская область,,
Рестораны,Самара,Светлица,Самарская область,,Кафе
Рестораны,Самара,Магдалина,Самарская область,,
Рестораны,Самара,Саери,Самарская область,,
Рестораны,Самара,Тамада,Самарская область,,
Рестораны,Самара,У лукоморья,Самарская область,,
Рестораны,Самара,Трапеза,Самарская область,,
Рестораны,Самара,Равенство,Самарская область,,"Бар,Паб"
Рестораны,Самара,Татарочка,Самарская область,,
Рестораны,Самара,Чак-чак,Самарская область,,
Рестораны,Самара,Страйк,Самарская область,,
Рестораны,Самара,Час Пик,Самарская область,,
Рестораны,Самара,Шанс,Самарская область,,Кафе
Рестораны,Самара,Янтра,Самарская область,,
Рестораны,Самара,Фиеста-Маф,Самарская область,,Фастфуд
Рестораны,Самара,Арбат,Самарская область,,
Рестораны,Самара,Шашлычный домик,Самарская область,,
Рестораны,Самара,Арго,Самарская область,,
Рестораны,Самара,Milan Pizza,Самарская область,,
Рестораны,Самара,Щикоко,Самарская область,,Фастфуд
Рестораны,Самара,Рахиб,Самарская область,,
Рестораны,Самара,Надежда,Самарская область,,
Рестораны,Самара,Царь-Печь,Самарская область,,
Рестораны,Самара,Лабаз,Самарская область,,
Рестораны,Самара,КрасноСуши,Самарская область,,
Рестораны,Самара,Мираж,Самарская область,,
Рестораны,Самара,Мясной соблазн,Самарская область,,Фастфуд
Рестораны,Самара,Оазис,Самарская область,,Фастфуд
Рестораны,Самара,Лира,Самарская область,,
Рестораны,Самара,Delicato,Самарская область,,Кафе
Рестораны,Самара,Оки-Токи,Самарская область,,
Рестораны,Самара,Отдых,Самарская область,,
Рестораны,Самара,Ложка и Вилка,Самарская область,,Фастфуд
Рестораны,Самара,Осень,Самарская область,,Кафе
Рестораны,Самара,Катрин,Самарская область,,
Рестораны,Самара,ЛиК,Самарская область,,Фастфуд
Рестораны,Самара,По щучьему велению,Самарская область,,
Рестораны,Самара,Прогресс,Самарская область,,
Рестораны,Самара,Победа,Самарская область,,Фастфуд
Рестораны,Самара,Ястреб,Самарская область,,"Бар,Паб"
Рестораны,Самара,На Полевой,Самарская область,,
Рестораны,Самара,Jeude Saviory,Самарская область,,
Рестораны,Самара,Фанат,Самарская область,,"Бар,Паб"
Рестораны,Самара,Камелия,Самарская область,,
Рестораны,Самара,Венера,Самарская область,,
Рестораны,Самара,Гала,Самарская область,,
Рестораны,Самара,Пивной бар,Самарская область,,"Бар,Паб"
Рестораны,Самара,БильярДом,Самарская область,,
Рестораны,Самара,Делла,Самарская область,,
Рестораны,Самара,Водяной,Самарская область,,
Рестораны,Самара,Вечерок,Самарская область,,
Рестораны,Самара,Гянджа,Самарская область,,
Рестораны,Самара,У Руслана,Самарская область,,Паб
Рестораны,Самара,У Карла,Самарская область,,Паб
Рестораны,Самара,Ева,Самарская область,,
Рестораны,Самара,Фанат,Самарская область,,"Бар,Паб"
Рестораны,Самара,Жигули,Самарская область,,Фастфуд
Рестораны,Самара,АппетитАвто,Самарская область,,Фастфуд
Рестораны,Самара,Домашняя кухня,Самарская область,,Фастфуд
Рестораны,Самара,Рюмашка,Самарская область,,"Бар,Паб"
Рестораны,Самара,"Столовая на ул. Губанова, 3",Самарская область,,
Рестораны,Самара,25 часов,Самарская область,,
Рестораны,Самара,B.Lacci,Самарская область,,
Рестораны,Самара,Людмила,Самарская область,,
Рестораны,Самара,Elite Bar,Самарская область,,
Рестораны,Самара,Alibi,Самарская область,,Кафе
Рестораны,Самара,На берегу,Самарская область,,
Рестораны,Самара,Суши шоп,Самарская область,,
Рестораны,Самара,Ставки & Пиво,Самарская область,,Паб
Рестораны,Самара,Quick Chicken,Самарская область,,Фастфуд
Рестораны,Самара,Спорт-бар на Ташкентская,Самарская область,,"Бар,Паб"
Рестораны,Самара,Ставки & Пиво,Самарская область,,Паб
Рестораны,Самара,Lounge bar Чайный Пьяница,Самарская область,,
Рестораны,Самара,Yam Kee,Самарская область,,
Рестораны,Самара,Анита,Самарская область,,
Рестораны,Самара,X.O,Самарская область,,
Рестораны,Самара,Синема Бар,Самарская область,,
Рестораны,Самара,Смак House,Самарская область,,
Рестораны,Самара,Смайл Пи,Самарская область,,Фастфуд
Рестораны,Самара,Пив-бар,Самарская область,,Паб
Рестораны,Самара,Сушишоп,Самарская область,,
Рестораны,Самара,Клёвое Место,Самарская область,,"Бар,Паб"
Рестораны,Самара,Пив-бар на Ново-Вокзальной,Самарская область,,Паб
Рестораны,Самара,Пив-бар,Самарская область,,Паб
Рестораны,Самара,Пивной бар,Самарская область,,Паб
Рестораны,Самара,Пивной бар,Самарская область,,Паб
Рестораны,Самара,"Спорт-Бар на ул. Сергея Лазо, 24А",Самарская область,,
Рестораны,Самара,Пив-бар на Ташкентской,Самарская область,,Паб
Рестораны,Самара,Пивной бар,Самарская область,,Паб
Рестораны,Самара,Старое Баку,Самарская область,,
Рестораны,Самара,Пивной бар на проспекте Кирова,Самарская область,,Паб
Рестораны,Самара,Рандеву,Самарская область,,
Рестораны,Самара,Hookah Bar NEFT,Самарская область,,
Рестораны,Самара,Золотой Лес,Самарская область,,
Рестораны,Самара,Барчик,Самарская область,,"Бар,Паб"
Рестораны,Самара,Красная Рыба,Самарская область,,
Рестораны,Самара,Пивной бар,Самарская область,,Паб
Рестораны,Самара,Pizza&Beer,Самарская область,,
Рестораны,Самара,Бар на Вольской,Самарская область,,"Бар,Паб"
Рестораны,Самара,Квайет Таун Лаунж-Кафе,Самарская область,,
Рестораны,Самара,Пульс,Самарская область,,
Рестораны,Самара,Душевное,Самарская область,,
Рестораны,Самара,Рок 'Н' Ресторан Классик Рок Кафе,Самарская область,,
Рестораны,Самара,Русская Кухня,Самарская область,,
Рестораны,Самара,Ройлс Клуб,Самарская область,,
Рестораны,Самара,Пельмеш,Самарская область,,
Рестораны,Самара,Водопад,Самарская область,,"Бар,Паб"
Рестораны,Самара,Кабачок,Самарская область,,Паб
Рестораны,Самара,Золотая рыбка,Самарская область,,Паб
Рестораны,Самара,Для друзей,Самарская область,,"Бар,Паб"
Рестораны,Самара,Дельфин,Самарская область,,"Бар,Паб"
Рестораны,Самара,Кабачок,Самарская область,,Паб
Рестораны,Самара,Акварель,Самарская область,,
Рестораны,Самара,Shuffle,Самарская область,,
Рестораны,Самара,Койот,Самарская область,,"Бар,Паб"
Рестораны,Самара,Пиццилия,Самарская область,,
Рестораны,Самара,Vittoria Gourmet,Самарская область,,
Рестораны,Самара,"Шашлычная на ул. Александра Матросова, 57Б",Самарская область,,
Рестораны,Самара,Питстоп,Самарская область,,"Бар,Паб"
Рестораны,Самара,Friend Coffee,Самарская область,,
Рестораны,Самара,Пахлава,Самарская область,,"Бар,Паб"
Рестораны,Самара,Пивной Бар,Самарская область,,
Рестораны,Самара,Friend Coffee,Самарская область,,
Рестораны,Самара,Пивной Домик,Самарская область,,"Бар,Паб"
Рестораны,Самара,Апрель,Самарская область,,"Бар,Паб"
Рестораны,Самара,ЕДА&ТАНЦЫ,Самарская область,,
Рестораны,Самара,Burritos Mexican Grill,Самарская область,,
Рестораны,Самара,Плаза,Самарская область,,
Рестораны,Самара,Поплавок,Самарская область,,"Бар,Паб"
Рестораны,Самара,Полет,Самарская область,,
Рестораны,Самара,Лимона,Самарская область,,"Бар,Паб"
Рестораны,Самара,Boathouse Bar & Terrace,Самарская область,,
Рестораны,Самара,Тарелка,Самарская область,,
Рестораны,Самара,Паб Хамовники,Самарская область,,
Рестораны,Самара,Семь вкусов,Самарская область,,
Рестораны,Самара,"Muzz Bar ""Формат""",Самарская область,,Паб
Рестораны,Самара,Культ,Самарская область,,
Рестораны,Самара,Pokeatery at Sunny st.,Самарская область,,"Бар,Фастфуд"
Рестораны,Самара,Маки,Самарская область,,
Рестораны,Самара,Мехико,Самарская область,,
Рестораны,Самара,Бар на Победы,Самарская область,,"Бар,Паб"
Рестораны,Самара,Кофе от Лоси/Арабская Шаурма,Самарская область,,
Рестораны,Самара,ЭкоФиш,Самарская область,,
Рестораны,Самара,Масленница,Самарская область,,
Рестораны,Самара,Мастер По,Самарская область,,
Рестораны,Самара,Бистро Мангал,Самарская область,,
Рестораны,Самара,Манхеттан,Самарская область,,"Бар,Паб"
Рестораны,Белозёрка,У Гамлета,Самарская область,,
Рестораны,Белозёрка,У Артёма,Самарская область,,
Рестораны,Белозёрка,Калинка,Самарская область,,
Рестораны,Самара,"Ресторан ""Vincent""",Самарская область,,
Рестораны,Белозёрка,Казачок,Самарская область,,
Рестораны,Белозёрка,Светлана,Самарская область,,
Рестораны,Белозёрка,Урал М-5,Самарская область,,
Рестораны,с. Валы,Наша марка,Самарская область,,
Рестораны,с. п. Тимофеевка,Лилия,Самарская область,,
Рестораны,Самара,Эмираты,Самарская область,,Паб
Рестораны,с. Валы,М5,Самарская область,,
Рестораны,Самара,Bono Hookah & Burger,Самарская область,,
Рестораны,Самара,Жако Роллы и Пицца,Самарская область,,Фастфуд
Рестораны,Самара,Жако роллы и пицца,Самарская область,,Фастфуд
Рестораны,Самара,Краснодарский парень,Самарская область,,Фастфуд
Рестораны,Самара,Бар Росомаха,Самарская область,,
Рестораны,Самара,Кофейня №2,Самарская область,,
Рестораны,Самара,Vinoteca Friendly Wines,Самарская область,,
Рестораны,Самара,Public,Самарская область,,
Рестораны,Самара,Meat Shock,Самарская область,,
Рестораны,Самара,Comics Lounge Bar,Самарская область,,"Бар,Фастфуд"
Рестораны,Самара,Царь Картошка,Самарская область,,
Рестораны,Самара,Пиццерия Марио,Самарская область,,
Рестораны,Самара,Кунжут,Самарская область,,
Рестораны,Самара,Cherry Bar,Самарская область,,
Рестораны,Самара,Ля Ля Пицца,Самарская область,,
Рестораны,Самара,СОЙКА,Самарская область,,
Рестораны,Самара,Burger King,Самарская область,,Кафе
Рестораны,Самара,Мясоед,Самарская область,,
Рестораны,Самара,Кондитерская Пекарня Hadson,Самарская область,,
Рестораны,Самара,Папа Панда,Самарская область,,
Рестораны,Самара,Карусель,Самарская область,,
Рестораны,Самара,Гостиный двор,Самарская область,,
Рестораны,Самара,Наша Столовая,Самарская область,,
Рестораны,Самара,Мини,Самарская область,,
Рестораны,Самара,7 Terrass Restaurant,Самарская область,,
Рестораны,Самара,Обеды По-Домашнему,Самарская область,,
Рестораны,Самара,Волжский берег,Самарская область,,Фастфуд
Рестораны,Самара,Билли Бомс,Самарская область,,
Рестораны,Самара,На Всех Парах,Самарская область,,
Рестораны,Самара,Очаг Автобистро,Самарская область,,
Рестораны,Самара,Бар на Марии Авейде,Самарская область,,"Бар,Паб"
Рестораны,Самара,Бар на Измайловский ,Самарская область,,"Бар,Паб"
Рестораны,Самара,Бистро Долина,Самарская область,,
Рестораны,Самара,Тифлис,Самарская область,,
Рестораны,Самара,Бар на Зубчаниновское,Самарская область,,"Бар,Паб"
Рестораны,Самара,Бар на Ташкентская,Самарская область,,"Бар,Паб"
Рестораны,Самара,Бар на Гаражная,Самарская область,,"Бар,Паб"
Рестораны,Самара,Бар на Авроры,Самарская область,,"Бар,Паб"
Рестораны,Самара,Бар на Кирова,Самарская область,,"Бар,Паб"
Рестораны,Самара,Бар на Земеца,Самарская область,,"Бар,Паб"
Рестораны,Самара,Бар на Аэродромной,Самарская область,,"Бар,Паб"
Рестораны,Самара,Суши шоп,Самарская область,,
Рестораны,Самара,Бар на Вольской,Самарская область,,"Бар,Паб"
Рестораны,Самара,Бутер&Брод,Самарская область,,
Рестораны,Самара,Бар на Физкультурной,Самарская область,,"Бар,Паб"
Рестораны,Самара,Безымянский,Самарская область,,"Бар,Паб"
Рестораны,Самара,Атмосфера,Самарская область,,
Рестораны,Самара,Бар на троих,Самарская область,,"Бар,Паб"
Рестораны,Самара,Ларец,Самарская область,,"Бар,Паб"
Рестораны,Самара,ВКУС УЛИЦ,Самарская область,,
Рестораны,Самара,Ландыш,Самарская область,,Паб
Рестораны,Самара,Ариба Пицца,Самарская область,,
Рестораны,Самара,Пивной двор,Самарская область,,Паб
Рестораны,Самара,"Столовая на Галактионовской, 29Б",Самарская область,,
Рестораны,Самара,"Столовая на Кабельной, 9",Самарская область,,
Рестораны,Самара,Корж Кофе Десерты,Самарская область,,Кафе
Рестораны,Самара,Премьера,Самарская область,,"Бар,Паб"
Рестораны,Самара,"Буфет на ул. Красноармейская, 139",Самарская область,,
Рестораны,Самара,Шашлык тайм,Самарская область,,
Рестораны,Самара,Луч,Самарская область,,"Бар,Паб"
Рестораны,Самара,Михалыч,Самарская область,,
Рестораны,Самара,Перекресток,Самарская область,,
Рестораны,Самара,Ажур,Самарская область,,
Рестораны,Самара,Родничок,Самарская область,,"Бар,Паб"
Рестораны,Самара,Амбера,Самарская область,,
Рестораны,Самара,"Столовая на Заводском Шоссе, 3/1",Самарская область,,
Рестораны,Самара,Радуга,Самарская область,,Паб
Рестораны,Самара,Арка,Самарская область,,
Рестораны,Самара,Забава,Самарская область,,
Рестораны,Самара,Ассорти,Самарская область,,
Рестораны,Самара,Блюз,Самарская область,,
Рестораны,Самара,Атом,Самарская область,,
Рестораны,Самара,Белый лотос,Самарская область,,
Рестораны,Самара,Бегущая черепаха,Самарская область,,
Рестораны,Самара,Богема,Самарская область,,
Рестораны,Самара,Бобры,Самарская область,,
Рестораны,Самара,Бриз,Самарская область,,
Рестораны,Самара,Бухаринъ,Самарская область,,
Рестораны,Самара,Калина,Самарская область,,Кафе
Рестораны,Самара,Капитан Фе,Самарская область,,Кафе
Рестораны,Самара,Камелот,Самарская область,,Кафе
Рестораны,Самара,Бунгало,Самарская область,,
Рестораны,Самара,Каравелла,Самарская область,,
Рестораны,Самара,КАФЕшка,Самарская область,,
Рестораны,Самара,Корица,Самарская область,,
Рестораны,Самара,Колибри,Самарская область,,
Рестораны,Самара,Корона,Самарская область,,Фастфуд
Рестораны,Самара,Хет-Трик,Самарская область,,"Бар,Паб"
Рестораны,Самара,Ассорти,Самарская область,,
Рестораны,Самара,Piatto,Самарская область,,
Рестораны,Самара,Колосок,Самарская область,,
Рестораны,Самара,Роял,Самарская область,,
Рестораны,Самара,Сафари,Самарская область,,Фастфуд
Рестораны,Самара,Севан,Самарская область,,
Рестораны,Самара,Селена,Самарская область,,
Рестораны,Самара,Сальвадор Дали,Самарская область,,
Рестораны,Самара,Паб СССР,Самарская область,,Бар
Рестораны,Самара,Купеческий,Самарская область,,
Рестораны,Самара,Семь сов,Самарская область,,
Рестораны,Самара,Иволга,Самарская область,,
Рестораны,Самара,Турецкая Шаурма,Самарская область,,
Рестораны,Самара,Тиман,Самарская область,,
Рестораны,Самара,Аст-Волга,Самарская область,,
Рестораны,Самара,У Ксюши,Самарская область,,
Рестораны,Самара,Самарка,Самарская область,,
Рестораны,Самара,Тертлс Пицца,Самарская область,,
Рестораны,Самара,Юлия,Самарская область,,
Рестораны,Самара,Шик,Самарская область,,Фастфуд
Рестораны,Самара,Фаэтон,Самарская область,,
Рестораны,Самара,Бережок,Самарская область,,"Бар,Паб"
Рестораны,Самара,Бар на Борской,Самарская область,,
Рестораны,Самара,Белсам,Самарская область,,
Рестораны,Самара,Мир кофе,Самарская область,,
Рестораны,Самара,Вкусняшка,Самарская область,,
Рестораны,Самара,Буфет на Береговой,Самарская область,,
Рестораны,Самара,Пикник,Самарская область,,
Рестораны,Самара,Chezz Pizza,Самарская область,,
Рестораны,Самара,Poke Room,Самарская область,,
Рестораны,Самара,Япона Мама,Самарская область,,
Рестораны,Самара,Блины Муромские,Самарская область,,
Рестораны,Самара,Spaten Haus,Самарская область,,
Рестораны,Самара,24 Часа,Самарская область,,"Бар,Паб"
Рестораны,Самара,Кафе на 22 Партсъезда,Самарская область,,
Рестораны,Самара,У Эльдара,Самарская область,,
Рестораны,Самара,Волга-Волга,Самарская область,,Бар
Рестораны,Самара,Ямки,Самарская область,,
Рестораны,Самара,"Hi, Asia!",Самарская область,,Бар
Рестораны,Самара,Сытый Папа,Самарская область,,
Рестораны,Самара,KFC,Самарская область,,
Рестораны,Самара,Кафе на Ленинской,Самарская область,,
Рестораны,Самара,Суши-Парк,Самарская область,,
Рестораны,Самара,СУР,Самарская область,,
Рестораны,Самара,Суши-Бар,Самарская область,,
Рестораны,Самара,Кафе “Ba Bar”,Самарская область,,
Рестораны,Самара,Султан-Кафе,Самарская область,,
Рестораны,Самара,City Life,Самарская область,,
Рестораны,Самара,Twin's Bar,Самарская область,,
Рестораны,Самара,Жар-Птица,Самарская область,,
Рестораны,Самара,Дунаевъ,Самарская область,,Паб
Рестораны,Самара,Дым,Самарская область,,
Рестораны,Самара,Старая Cамара,Самарская область,,Кафе
Рестораны,Самара,Веди,Самарская область,,
Рестораны,Самара,Дым,Самарская область,,"Бар,Паб"
Рестораны,Самара,Оазис,Самарская область,,
Рестораны,Самара,Евро,Самарская область,,
Рестораны,Самара,Еврокухня,Самарская область,,
Рестораны,Самара,Файз,Самарская область,,
Рестораны,Самара,Эклер,Самарская область,,
Рестораны,Самара,Едофф,Самарская область,,
Рестораны,Самара,Кафе Бар Марсель,Самарская область,,"Бар,Кафе,Паб"
Рестораны,Самара,Тропикана,Самарская область,,
Рестораны,Самара,Фск,Самарская область,,
Рестораны,Самара,Водопад,Самарская область,,
Рестораны,Самара,Суши шоп,Самарская область,,
Рестораны,Самара,Виктория,Самарская область,,Фастфуд
Рестораны,Самара,Счастье Есть,Самарская область,,
Рестораны,Самара,Zombie,Самарская область,,"Бар,Кафе"
Рестораны,Самара,Фуд Маркет,Самарская область,,
Рестораны,Самара,Vogue,Самарская область,,
Рестораны,Самара,Карат,Самарская область,,
Рестораны,Самара,Кабак,Самарская область,,
Рестораны,Самара,Каменная Чаша 2,Самарская область,,
Рестораны,Самара,Кафе-Клуб Жан,Самарская область,,
Рестораны,Самара,Grill Bar Proran,Самарская область,,
Рестораны,Жигулевск,Сдоба,Самарская область,,
Рестораны,Самара,Relax Cafe Public,Самарская область,,
Рестораны,Жигулевск,Островок,Самарская область,,
Рестораны,Жигулевск,Жигулевский Рестомаркет,Самарская область,,
Рестораны,Жигулевск,Сказка,Самарская область,,
Рестораны,Жигулевск,Япончик,Самарская область,,
Рестораны,Жигулевск,На Парковой,Самарская область,,"Бар,Паб"
Рестораны,Жигулевск,Дива,Самарская область,,
Рестораны,Зелёновка,Домашняя кухня,Самарская область,,
Рестораны,Жигулевск,Экспресс,Самарская область,,
Рестораны,Зелёновка,Времена года,Самарская область,,
Рестораны,Зелёновка,Ралина,Самарская область,,
Рестораны,Зелёновка,Зеленый стан,Самарская область,,
Рестораны,Тольятти,Калейдоскоп,Самарская область,,"Бар,Паб"
Рестораны,Жигулевск,Лада,Самарская область,,
Рестораны,Тольятти,Анаит,Самарская область,,
Рестораны,Тольятти,Four Seasons,Самарская область,,
Рестораны,Тольятти,Приволье,Самарская область,,
Рестораны,Тольятти,Сушетти,Самарская область,,"Бар,Паб"
Рестораны,Тольятти,Релиз,Самарская область,,"Бар,Паб"
Рестораны,Тольятти,Кайзер Франц,Самарская область,,"Бар,Паб"
Рестораны,Тольятти,Суши-Light,Самарская область,,"Бар,Паб"
Рестораны,Тольятти,Столовая РОДНАЯ,Самарская область,,
Рестораны,Тольятти,Баракат,Самарская область,,
Рестораны,Тольятти,Татлин,Самарская область,,
Рестораны,Тольятти,Барин,Самарская область,,"Бар,Паб"
Рестораны,Тольятти,Вацлав,Самарская область,,"Бар,Паб"
Рестораны,Тольятти,Милое людям,Самарская область,,
Рестораны,Тольятти,Aroma'32,Самарская область,,
Рестораны,Тольятти,Фьюжн,Самарская область,,
Рестораны,Тольятти,Перфетто,Самарская область,,
Рестораны,Тольятти,Скогс Баэр,Самарская область,,
Рестораны,Тольятти,Пивной союз,Самарская область,,"Бар,Паб"
Рестораны,Тольятти,Блэк & Уайт,Самарская область,,
Рестораны,Тольятти,Скогс Баэр,Самарская область,,
Рестораны,Тольятти,5-Е Авеню,Самарская область,,
Рестораны,Тольятти,Кафетерий на ул. Родины,Самарская область,,
Рестораны,Тольятти,Лыжня,Самарская область,,Кафе
Рестораны,Тольятти,Гамбринус,Самарская область,,
Рестораны,Тольятти,Империя Prodjectcafe,Самарская область,,
Рестораны,Тольятти,Киви Пицца,Самарская область,,
Рестораны,Тольятти,Жако Роллы и Пицца,Самарская область,,Фастфуд
Рестораны,Тольятти,Блинberry,Самарская область,,
Рестораны,Тольятти,Жени,Самарская область,,
Рестораны,Тольятти,Пенза Бир,Самарская область,,Паб
Рестораны,Тольятти,Пенза Бир,Самарская область,,Паб
Рестораны,Тольятти,Михалыч,Самарская область,,
Рестораны,Тольятти,Столица,Самарская область,,
Рестораны,Тольятти,Орион,Самарская область,,"Бар,Паб"
Рестораны,Тольятти,Жако Роллы и Пицца,Самарская область,,Фастфуд
Рестораны,Тольятти,Star Bar,Самарская область,,Кафе
Рестораны,Тольятти,Drive Coffee,Самарская область,,Кафе
Рестораны,Тольятти,Оспир,Самарская область,,"Бар,Паб"
Рестораны,Тольятти,Sushi center,Самарская область,,
Рестораны,Тольятти,Кафетерий на ул. Транспортная,Самарская область,,
Рестораны,Тольятти,Атланта,Самарская область,,
Рестораны,Тольятти,Апрель,Самарская область,,
Рестораны,Тольятти,Банкир,Самарская область,,
Рестораны,Тольятти,Берлога,Самарская область,,Кафе
Рестораны,Тольятти,Siesta,Самарская область,,
Рестораны,Тольятти,Vision,Самарская область,,
Рестораны,Тольятти,Бродвей,Самарская область,,Фастфуд
Рестораны,Тольятти,Восточный базар,Самарская область,,Фастфуд
Рестораны,Тольятти,Бар-бильярдная,Самарская область,,"Бар,Паб"
Рестораны,Тольятти,Мастер Фастер,Самарская область,,Фастфуд
Рестораны,Тольятти,#Katyusha,Самарская область,,"Кафе,Фастфуд"
Рестораны,Тольятти,Богема,Самарская область,,Фастфуд
Рестораны,Тольятти,ЦБК,Самарская область,,"Бар,Паб"
Рестораны,Тольятти,Маэстро,Самарская область,,
Рестораны,Тольятти,Меридиан,Самарская область,,
Рестораны,Тольятти,Serbia ot Dragana,Самарская область,,
Рестораны,Тольятти,Малибу,Самарская область,,
Рестораны,Тольятти,Молодежное,Самарская область,,
Рестораны,Тольятти,Натали,Самарская область,,
Рестораны,Тольятти,Ночное рандеву,Самарская область,,
Рестораны,Тольятти,Охотник,Самарская область,,
Рестораны,Тольятти,Наш дворик,Самарская область,,
Рестораны,Тольятти,Октябринка,Самарская область,,Фастфуд
Рестораны,Тольятти,Волжанка+,Самарская область,,
Рестораны,Тольятти,У Семена,Самарская область,,
Рестораны,Тольятти,Burger Hunter,Самарская область,,
Рестораны,Тольятти,Гулливер,Самарская область,,"Бар,Паб"
Рестораны,Тольятти,Провинция Кофе,Самарская область,,
Рестораны,Тольятти,Додо Пицца,Самарская область,,
Рестораны,Тольятти,Салют-С,Самарская область,,
Рестораны,Тольятти,Кофе Таун,Самарская область,,
Рестораны,Тольятти,Тихая Гавань,Самарская область,,
Рестораны,Тольятти,Пряничный Домик,Самарская область,,
Рестораны,Малая Царевщина,SOSNOVOE Family Club,Самарская область,,
Рестораны,Малая Царевщина,У Тельмана,Самарская область,,
Рестораны,Тольятти,Начинито,Самарская область,,
Рестораны,Тольятти,На Молодежном,Самарская область,,Фастфуд
Рестораны,Новокуйбышевск,Шашлычный двор,Самарская область,,
Рестораны,Тольятти,Тележка,Самарская область,,Фастфуд
Рестораны,Новокуйбышевск,Май,Самарская область,,
Рестораны,Новокуйбышевск,Бар на Дзержинского,Самарская область,,"Бар,Паб"
Рестораны,Новокуйбышевск,Токама,Самарская область,,
Рестораны,Новокуйбышевск,Суши-Хаус,Самарская область,,
Рестораны,Новокуйбышевск,Додо Пицца,Самарская область,,
Рестораны,Новокуйбышевск,Три-М,Самарская область,,
Рестораны,Новокуйбышевск,Овал-Х,Самарская область,,"Бар,Паб"
Рестораны,Новокуйбышевск,Бистро на проспекте Победы,Самарская область,,"Бар,Паб"
Рестораны,Новокуйбышевск,Исток,Самарская область,,
Рестораны,Новокуйбышевск,Стейк Хаус,Самарская область,,
Рестораны,Новокуйбышевск,Пельмеш,Самарская область,,
Рестораны,Тольятти,Gatsby Bar,Самарская область,,
Рестораны,Самара,Белочка,Самарская область,,
Рестораны,Самара,Red Hall,Самарская область,,
Рестораны,Самара,Суши Порт,Самарская область,,
Рестораны,Самара,Tatler Bar,Самарская область,,
Рестораны,Самара,На Кранах -  Крафт & Гриль Паб,Самарская область,,
Рестораны,Самара,Антошка,Самарская область,,
Рестораны,Самара,Happy Cafe,Самарская область,,
Рестораны,Самара,Золотая подкова,Самарская область,,
Рестораны,Тольятти,Милано,Самарская область,,
Рестораны,Самара,Самара Блин Сметана,Самарская область,,
Рестораны,Самара,Edison Bar,Самарская область,,"Бар,Паб"
Рестораны,Самара,ChicaGo Bar&Karaoke,Самарская область,,
Рестораны,Самара,Оки-Токи,Самарская область,,
Рестораны,Самара,Арарат,Самарская область,,
Рестораны,Самара,Папа Джонс,Самарская область,,
Рестораны,Самара,Томик,Самарская область,,
Рестораны,Самара,Труба,Самарская область,,"Бар,Паб"
Рестораны,Самара,Френд Кофе,Самарская область,,
Рестораны,Самара,FARADAY,Самарская область,,
Рестораны,Самара,Нарисе,Самарская область,,
Рестораны,Самара,Вилка-Ложка,Самарская область,,Кафе
Рестораны,Самара,"ФУД ТРАК ""У Палыча""",Самарская область,,
Рестораны,Тольятти,Loft Bar&Club,Самарская область,,
Рестораны,Самара,Важная Птица,Самарская область,,
Рестораны,Тольятти,Суши-Бум,Самарская область,,
Рестораны,Самара,Суфра,Самарская область,,
Рестораны,Самара,Bona Pasta,Самарская область,,
Рестораны,Тольятти,Причал,Самарская область,,
Рестораны,Самара,LOFT Samara,Самарская область,,
Рестораны,Самара,Лапша,Самарская область,,
Рестораны,Самара,Легенда,Самарская область,,
Рестораны,Самара,Euforia,Самарская область,,
Рестораны,Тольятти,Оазис,Самарская область,,
Рестораны,Самара,Pizza & Beer,Самарская область,,Фастфуд
Рестораны,Самара,Bellagio,Самарская область,,
Рестораны,Самара,Красный Халат,Самарская область,,
Рестораны,Тольятти,LETO,Самарская область,,Бар
Рестораны,Самара,Баха,Самарская область,,
Рестораны,Красный Яр,Тимур,Самарская область,,
Рестораны,Тольятти,Coffee Hall Акварель,Самарская область,,
Рестораны,Тольятти,Милано,Самарская область,,
Рестораны,Самара,Дюна,Самарская область,,
Рестораны,Самара,Ван Гог Бар,Самарская область,,
Рестораны,Самара,Зайцы,Самарская область,,
Рестораны,с. Ширяево,Кафе Жигулевская вольница,Самарская область,,
Рестораны,Самара,Бар на Осипенко,Самарская область,,"Бар,Паб"
Рестораны,Самара,Бильярдная №1,Самарская область,,
Рестораны,Самара,Л'Орандж,Самарская область,,"Бар,Паб"
Рестораны,Самара,Лимонадный Джо,Самарская область,,
Рестораны,Самара,Сити Пицца,Самарская область,,
Рестораны,Самара,Лаунж бар Лотус,Самарская область,,"Бар,Паб"
Рестораны,Самара,DuPain,Самарская область,,Кафе
Рестораны,Самара,Шарм,Самарская область,,
Рестораны,Самара,Наша столовая,Самарская область,,
Рестораны,Самара,Дакота,Самарская область,,
Рестораны,Тольятти,Двин,Самарская область,,
Рестораны,Самара,Логово,Самарская область,,
Рестораны,Самара,Sbarro,Самарская область,,Фастфуд
Рестораны,Самара,Манчестер Юнайтед,Самарская область,,"Бар,Паб"
Рестораны,Самара,Ассоль,Самарская область,,
Рестораны,Тольятти,Хит,Самарская область,,Кафе
Рестораны,Тольятти,Le Chat Noir,Самарская область,,
Рестораны,Самара,Бриз,Самарская область,,Кафе
Рестораны,Самара,Стейк Хаус,Самарская область,,
Рестораны,Тольятти,Арзу,Самарская область,,Кафе
Рестораны,Самара,Трдельники,Самарская область,,Кафе
Рестораны,Самара,Шаверма,Самарская область,,
Рестораны,Самара,Рисо,Самарская область,,"Бар,Паб"
Рестораны,Самара,Friend Coffee,Самарская область,,
Рестораны,Самара,Пив-бар,Самарская область,,Паб
Рестораны,Самара,Френд Кофе,Самарская область,,
Рестораны,Самара,Buffet,Самарская область,,
Рестораны,Самара,Девичья Башня,Самарская область,,
Рестораны,Самара,Алга,Самарская область,,Фастфуд
Рестораны,Самара,Бродвей,Самарская область,,
Рестораны,Самара,Бархат,Самарская область,,
Рестораны,Самара,Zanzi bar,Самарская область,,
Рестораны,Самара,Домовенок,Самарская область,,
Рестораны,Тольятти,Шабран,Самарская область,,
Рестораны,Тольятти,Килфиш,Самарская область,,"Бар,Паб"
Рестораны,Тольятти,Парковка,Самарская область,,"Бар,Паб"
Рестораны,Тольятти,Гамбринус,Самарская область,,"Бар,Паб"
Рестораны,Тольятти,Сел-Поел,Самарская область,,
Рестораны,Тольятти,Синяя дыня,Самарская область,,"Бар,Паб"
Рестораны,Тольятти,Inter City,Самарская область,,
Рестораны,Тольятти,Три пескаря,Самарская область,,Кафе
Рестораны,Тольятти,Родники,Самарская область,,
Рестораны,Тольятти,Виват,Самарская область,,
Рестораны,Тольятти,Порт,Самарская область,,Кафе
Рестораны,Тольятти,Pit Stop,Самарская область,,
Рестораны,Тольятти,Le Compliment,Самарская область,,
Рестораны,Тольятти,ПиццаФабрика,Самарская область,,
Рестораны,Тольятти,Yakuza,Самарская область,,
Рестораны,Самара,Сила Вкуса,Самарская область,,
Рестораны,Тольятти,Форест,Самарская область,,
Рестораны,Новокуйбышевск,Бристоль,Самарская область,,
Рестораны,Тольятти,KFC,Самарская область,,Фастфуд
Рестораны,Самара,Килфиш,Самарская область,,"Бар,Паб"
Рестораны,Самара,Дуплет,Самарская область,,Кафе
Рестораны,Самара,Бар на Ново-Садовая,Самарская область,,"Бар,Паб"
Рестораны,Тольятти,Волжский замок,Самарская область,,
Рестораны,Самара,Хаджа,Самарская область,,
Рестораны,Тольятти,Хинкальная,Самарская область,,Кафе
Рестораны,Самара,Бакс Стайл,Самарская область,,"Бар,Паб"
Рестораны,Самара,Волжская кухня,Самарская область,,
Рестораны,Самара,Иволга,Самарская область,,"Бар,Паб"
Рестораны,Тольятти,Тарелка,Самарская область,,
Рестораны,Самара,Мама не горюй,Самарская область,,"Бар,Паб"
Рестораны,Самара,Иван да Марья,Самарская область,,
Рестораны,Тольятти,Мульти Джус Бар,Самарская область,,"Бар,Паб"
Рестораны,Самара,Brauhaus,Самарская область,,
Рестораны,Самара,Клеопатра,Самарская область,,
Рестораны,Самара,Галактика,Самарская область,,
Рестораны,Самара,Бар на Заводское шоссе,Самарская область,,"Бар,Паб"
Рестораны,Тольятти,На Мурысева,Самарская область,,Фастфуд
Рестораны,Самара,Шашлычный дом,Самарская область,,
Рестораны,Новокуйбышевск,Дружба,Самарская область,,
Рестораны,Самара,Бристоль,Самарская область,,
Рестораны,Самара,Дубай,Самарская область,,
Рестораны,Самара,Паб,Самарская область,,Паб
Рестораны,Тольятти,У Валентины,Самарская область,,"Бар,Паб"
Рестораны,Самара,Коррсан,Самарская область,,
Рестораны,Тольятти,Кальян Клуб,Самарская область,,
Рестораны,Самара,Zanzibar,Самарская область,,
Рестораны,Тольятти,Полёт,Самарская область,,
Рестораны,Самара,Рица,Самарская область,,
Рестораны,Самара,Эллора,Самарская область,,
Рестораны,Сызрань,Астория,Самарская область,,
Рестораны,Отрадный,Городок,Самарская область,,
Рестораны,Самара,Friend Coffee,Самарская область,,
Рестораны,Самара,Галерея,Самарская область,,Паб
Рестораны,Тольятти,Столовая Гост,Самарская область,,
Рестораны,Самара,Burger Brothers,Самарская область,,
Рестораны,Сызрань,SOHO Lounge & Bar,Самарская область,,
Рестораны,Жигулевск,Вкусняшка,Самарская область,,
Рестораны,Тольятти,Пумба,Самарская область,,
Рестораны,Тольятти,Пельмешъ,Самарская область,,
Рестораны,Самара,МясоRoob,Самарская область,,
Рестораны,Тольятти,Морозко,Самарская область,,
Рестораны,Сызрань,Tashir Resto,Самарская область,,
Рестораны,Самара,Gana Paty,Самарская область,,
Рестораны,Самара,Danesi,Самарская область,,Кафе
Рестораны,Самара,Френд Кофе,Самарская область,,
Рестораны,Самара,Burger King,Самарская область,,
Рестораны,Самара,Невинный погребок,Самарская область,,
Рестораны,Тольятти,Gusenica,Самарская область,,Фастфуд
Рестораны,Самара,Жили-Были,Самарская область,,
Рестораны,Тольятти,Штольня,Самарская область,,"Бар,Паб"
Рестораны,Самара,Шаурма № 1,Самарская область,,
Рестораны,Тольятти,Суши-нка,Самарская область,,
Рестораны,Самара,Блинофф,Самарская область,,Фастфуд
Рестораны,Новокуйбышевск,ПлаNета,Самарская область,,
Рестораны,Самара,Самара-М,Самарская область,,Кафе
Рестораны,Самара,Uno Momento,Самарская область,,
Рестораны,Самара,7 причал,Самарская область,,
Рестораны,Самара,Френд Кофе,Самарская область,,
Рестораны,Самара,Чешский пивовар,Самарская область,,
Рестораны,Самара,Суши Самурай,Самарская область,,
Рестораны,Самара,Brighton Bar & Grill,Самарская область,,
Рестораны,Самара,Бла бла бар,Самарская область,,
Рестораны,Самара,Чайный клуб,Самарская область,,
Рестораны,Тольятти,Олд Хаус,Самарская область,,Паб
Рестораны,Самара,Фабрика-кухня,Самарская область,,Фастфуд
Рестораны,Самара,Другое место,Самарская область,,
Рестораны,Тольятти,Barbara,Самарская область,,
Рестораны,Самара,Стрелец,Самарская область,,
Рестораны,Тольятти,Чешский двор,Самарская область,,"Бар,Паб"
Рестораны,Тольятти,Виктория,Самарская область,,"Бар,Паб"
Рестораны,Самара,Спорт Форекс,Самарская область,,"Бар,Паб"
Рестораны,Тольятти,Паб Кружка,Самарская область,,
Рестораны,Самара,InGrani,Самарская область,,
Рестораны,Самара,Raskolbas,Самарская область,,
Рестораны,Самара,Мир,Самарская область,,
Рестораны,Тольятти,Книга хлеб и кружка,Самарская область,,
Рестораны,Самара,"Пивной Бар на Ново-Садовой, 285Б",Самарская область,,
Рестораны,Самара,Goodness,Самарская область,,Фастфуд
Рестораны,Тольятти,Миг,Самарская область,,
Рестораны,Самара,Олимпийская Деревня,Самарская область,,
Рестораны,Самара,АйнКляйнБар Аббатское,Самарская область,,Паб
Рестораны,Самара,Легенда,Самарская область,,
Рестораны,Новокуйбышевск,Под парусами,Самарская область,,
Рестораны,Самара,Amster Chips,Самарская область,,
Рестораны,Самара,Галактика,Самарская область,,
Рестораны,Самара,Мёд,Самарская область,,
Рестораны,Самара,Jue de Saveurse,Самарская область,,
Рестораны,Самара,Вася,Самарская область,,
Рестораны,Самара,Кофиока,Самарская область,,
Рестораны,Самара,Приключения Шурика,Самарская область,,
Рестораны,Самара,Хайку,Самарская область,,
Рестораны,Тольятти,Городская столовая №51,Самарская область,,
Рестораны,Самара,Пекарня Мука,Самарская область,,
Рестораны,Самара,Блинка,Самарская область,,
Рестораны,Тольятти,Color Coffee,Самарская область,,
Рестораны,Самара,Фигаро,Самарская область,,
Рестораны,Самара,Бар Нэо,Самарская область,,
Рестораны,Самара,КПП,Самарская область,,
Рестораны,Тольятти,Жигули,Самарская область,,
Рестораны,Самара,Блинка,Самарская область,,
Рестораны,Самара,Оазис,Самарская область,,Фастфуд
Рестораны,Самара,Халяль,Самарская область,,
Рестораны,Тольятти,Кирпич,Самарская область,,"Бар,Паб"
Рестораны,Самара,Пицца Ца-Ца,Самарская область,,
Рестораны,Самара,Чебуречная,Самарская область,,
Рестораны,Тольятти,Kokon,Самарская область,,
Рестораны,Самара,Uno Momento,Самарская область,,
Рестораны,Самара,100ловка,Самарская область,,Фастфуд
Рестораны,Сызрань,Столовая №1,Самарская область,,
Рестораны,Самара,Самолёт,Самарская область,,
Рестораны,Тольятти,Кафе Акватория,Самарская область,,Кафе
Рестораны,Самара,Крафт кафе Мел,Самарская область,,
Рестораны,Новокуйбышевск,Маска,Самарская область,,
Рестораны,Тольятти,Sumo Sandwich,Самарская область,,
Рестораны,Тольятти,The Родственники,Самарская область,,
Рестораны,Самара,Столовушка,Самарская область,,
Рестораны,Тольятти,ФлагманЪ,Самарская область,,
Рестораны,Самара,ОК-кафе,Самарская область,,
Рестораны,Новокуйбышевск,Гараж,Самарская область,,Кафе
Рестораны,Самара,Токио суши,Самарская область,,
Рестораны,Самара,Аленушка,Самарская область,,Паб
Рестораны,Самара,Кадушка,Самарская область,,
Рестораны,Самара,Сытна Хата,Самарская область,,
Рестораны,Тольятти,Сербия от Драгана,Самарская область,,
Рестораны,Самара,Чайная на Гагарина,Самарская область,,
Рестораны,с. Подгоры,Велоприют,Самарская область,,
Рестораны,Тольятти,"Ресторан ""Ранчо""",Самарская область,,
Рестораны,Самара,Хлеб и Мясо,Самарская область,,Кафе
Рестораны,Самара,Долина,Самарская область,,
Рестораны,Самара,The Voice,Самарская область,,
Рестораны,Самара,Джем,Самарская область,,
Рестораны,Самара,Шашлычная,Самарская область,,
Рестораны,Самара,География Бар,Самарская область,,Паб
Рестораны,Самара,Рандеву,Самарская область,,
Рестораны,Самара,Лиана,Самарская область,,
Рестораны,Самара,Ресторан Пять Ключей,Самарская область,,
Рестораны,Самара,Sushi'n'Roll,Самарская область,,
Рестораны,Самара,Тутти Фрутти Фрозен Йогурт,Самарская область,,Кафе
Рестораны,Самара,Мега Суши,Самарская область,,
Рестораны,Самара,Тухтинъ,Самарская область,,
Рестораны,Самара,"Столовая на Киевской, 1",Самарская область,,
Рестораны,Самара,Steam Blues,Самарская область,,Кафе
Рестораны,Самара,Your Mojo,Самарская область,,
Рестораны,Самара,Спартак,Самарская область,,
Рестораны,Тольятти,Крендель,Самарская область,,Кафе
Рестораны,Отрадный,BeerЁза,Самарская область,,
Рестораны,Тольятти,Кафе «Переплет»,Самарская область,,
Рестораны,Самара,Кот-Обормот,Самарская область,,
Рестораны,Самара,Чаша,Самарская область,,Фастфуд
Рестораны,Самара,Пралине,Самарская область,,
Рестораны,Самара,PloveBerry,Самарская область,,
Рестораны,Тольятти,Кухмистръ,Самарская область,,Фастфуд
Рестораны,Самара,Шашлык №1,Самарская область,,
Рестораны,Самара,Тандыр,Самарская область,,
Рестораны,Самара,Gellert,Самарская область,,
Рестораны,Ставропольский район,Папа Пекарь,Самарская область,,
Рестораны,Самара,Пян-се,Самарская область,,
Рестораны,Тольятти,Бермуды,Самарская область,,Кафе
Рестораны,Самара,Pizza SW,Самарская область,,
Рестораны,Самара,Красный Халат,Самарская область,,
Рестораны,Самара,Вкусная Компания,Самарская область,,Кафе
Рестораны,Тольятти,Ямакаси,Самарская область,,
Рестораны,Самара,Суши 100,Самарская область,,
Рестораны,Тольятти,Суши-Бум,Самарская область,,Бар
Рестораны,Самара,GoldRoom,Самарская область,,
Рестораны,Курумоч,Красная поляна,Самарская область,,
Рестораны,Самара,Filimonov,Самарская область,,
Рестораны,Подъём-Михайловка,Ветерок,Самарская область,,
Рестораны,Тольятти,Меркурий,Самарская область,,Кафе
Рестораны,Самара,Via Veneto,Самарская область,,
Рестораны,Тольятти,Ресторан честных цен,Самарская область,,
Рестораны,Красный Яр,Светлое,Самарская область,,
Рестораны,Новокуйбышевск,Шерхан,Самарская область,,
Рестораны,Тольятти,Додо пицца,Самарская область,,Фастфуд
Рестораны,Самара,У Бабушки Арины,Самарская область,,
Рестораны,Сызрань,Блинная,Самарская область,,
Рестораны,Самара,Евростоловая,Самарская область,,
Рестораны,Тольятти,Мельница,Самарская область,,"Бар,Паб"
Рестораны,Тольятти,Суши Весла,Самарская область,,
Рестораны,Самара,Два Kапитана,Самарская область,,
Рестораны,Тольятти,Наше Кафе,Самарская область,,
Рестораны,Самара,PIZZA KIT,Самарская область,,Кафе
Рестораны,Тольятти,Очаг,Самарская область,,Кафе
Рестораны,Самара,У Татьяны,Самарская область,,
Рестораны,Самара,Кафе космической еды,Самарская область,,
Рестораны,Самара,Веста,Самарская область,,
Рестораны,Самара,Блинка,Самарская область,,
Рестораны,Самара,Бристоль,Самарская область,,
Рестораны,Самара,Столовая №1,Самарская область,,
Рестораны,Тольятти,Папа Пекарь,Самарская область,,Фастфуд
Рестораны,Самара,Cook & Look,Самарская область,,
Рестораны,Самара,Весна,Самарская область,,
Рестораны,Тольятти,Золотой Дракон Цзиньлун,Самарская область,,
Рестораны,Самара,Маяковка,Самарская область,,
Рестораны,Жареный Бугор,Сосновый бор,Самарская область,,
Рестораны,Самара,Эко-кафе Сансара,Самарская область,,
Рестораны,Самара,Старый рояль,Самарская область,,
Рестораны,Самара,Камбуz,Самарская область,,
Рестораны,Самара,ГОСТ,Самарская область,,
Рестораны,Самара,Жили-Были,Самарская область,,
Рестораны,Самара,Seven,Самарская область,,
Рестораны,Тольятти,Вершина,Самарская область,,
Рестораны,Самара,Cinnabon,Самарская область,,
Рестораны,Тольятти,Милано,Самарская область,,
Рестораны,Самара,Скалка,Самарская область,,
Рестораны,Тольятти,Белый попугай,Самарская область,,Кафе
Рестораны,Самара,Чайхана Ай-Вай,Самарская область,,
Рестораны,Самара,Гриль-кафе Сербия,Самарская область,,
Рестораны,Самара,Бульончик,Самарская область,,
Рестораны,Самара,KFC,Самарская область,,
Рестораны,Самара,Бирюсинка,Самарская область,,Фастфуд
Рестораны,Самара,Конь в Пальто,Самарская область,,
Рестораны,Самара,Папа Джонс,Самарская область,,
Рестораны,Самара,Puri Пекарня Кафе,Самарская область,,
Рестораны,Приморский,Горис,Самарская область,,
Рестораны,Тольятти,Лесная Сказка,Самарская область,,
Рестораны,Самара,Золотая Корона,Самарская область,,
Рестораны,Самара,Мушмула,Самарская область,,
Рестораны,Самара,Subway,Самарская область,,Фастфуд
Рестораны,Самара,Занзи Бар,Самарская область,,
Рестораны,Сызрань,Столовая №21,Самарская область,,
Рестораны,Самара,Serbian Grill,Самарская область,,
Рестораны,Самара,Усадьба,Самарская область,,
Рестораны,Самара,Баскин Роббинс,Самарская область,,
Рестораны,Сызрань,Барбарис,Самарская область,,
Рестораны,Ставропольский район,Песочница,Самарская область,,
Рестораны,Самара,Красный халат,Самарская область,,Кафе
Рестораны,Тольятти,Мавританский дворик,Самарская область,,
Рестораны,Самара,Александрия,Самарская область,,
Рестораны,Самара,Макдоналдс,Самарская область,,Фастфуд
Рестораны,Тольятти,Поручикъ Голицынъ,Самарская область,,"Бар,Паб"
Рестораны,Тольятти,Кухмистръ,Самарская область,,Фастфуд
Рестораны,Тольятти,Starway,Самарская область,,
Рестораны,Самара,Chick in China,Самарская область,,
Рестораны,Самара,Burger King,Самарская область,,Фастфуд
Рестораны,Самара,Via Veneto,Самарская область,,
Рестораны,Самара,Макдоналдс,Самарская область,,Фастфуд
Рестораны,Тольятти,Дом кофе,Самарская область,,
Рестораны,Самара,Искра,Самарская область,,
Рестораны,Самара,Кофе Джой,Самарская область,,
Рестораны,Тольятти,Кондитерская AMAKS,Самарская область,,
Рестораны,Самара,Солнечный рай,Самарская область,,
Рестораны,Тольятти,Папа Пекарь,Самарская область,,Фастфуд
Рестораны,Самара,Фа-Соль,Самарская область,,
Рестораны,Самара,Burger Bar,Самарская область,,
Рестораны,Самара,От фонаря,Самарская область,,
Рестораны,Самара,MEDUZA cafe,Самарская область,,
Рестораны,Самара,Сицилия,Самарская область,,
Рестораны,Отрадный,Ресторан Воздух,Самарская область,,
Рестораны,Самара,Divini Caffe,Самарская область,,
Рестораны,Тольятти,Здрасьте Счастье,Самарская область,,"Бар,Кафе"
Рестораны,Самара,Папа Рядом Гастропаб,Самарская область,,
Рестораны,Сызрань,Tabasco,Самарская область,,
Рестораны,Тольятти,Фа-соль,Самарская область,,Кафе
Рестораны,Самара,Фуд корт №1,Самарская область,,
Рестораны,Самара,Шашлык Хаус,Самарская область,,
Рестораны,Самара,Маккафе,Самарская область,,
Рестораны,Самара,Ресторан Скрябин,Самарская область,,
Рестораны,Самара,Мельница,Самарская область,,
Рестораны,Самара,Будь Что Будет,Самарская область,,
Рестораны,Самара,Кафе Грузинской Кухни,Самарская область,,
Рестораны,Самара,Грильяж,Самарская область,,
Рестораны,Тольятти,МакДоналдс,Самарская область,,Фастфуд
Рестораны,Жигулевск,Волжанка,Самарская область,,
Рестораны,Самара,Жемчужина,Самарская область,,
Рестораны,Самара,Додо Пицца,Самарская область,,
Рестораны,Самара,Флагман,Самарская область,,
Рестораны,Самара,Корж Кофе & Десерты,Самарская область,,Кафе
Рестораны,Самара,Три кокоса,Самарская область,,Бар
Рестораны,Самара,Ami,Самарская область,,
Рестораны,Самара,Имерети,Самарская область,,
Рестораны,Самара,Balkan Place,Самарская область,,
Рестораны,Самара,Чашка к чашке,Самарская область,,
Рестораны,Самара,Дежавю,Самарская область,,Кафе
Рестораны,Курумоч,Starbucks,Самарская область,,Кафе
Рестораны,Самара,Маяк,Самарская область,,
Рестораны,Новокуйбышевск,Susumi,Самарская область,,
Рестораны,Отрадный,Трактир Фон Вакано,Самарская область,,
Рестораны,Самара,Додо Пицца,Самарская область,,
Рестораны,Самара,Ресторан Европа,Самарская область,,
Рестораны,Тольятти,Чайхана Lounge №1,Самарская область,,
Рестораны,Тольятти,"БАР-КЛУБ ""ШТАНЫ""",Самарская область,,Бар
Рестораны,Самара,Халабуда,Самарская область,,
Рестораны,Самара,Bonfix,Самарская область,,
Рестораны,Самара,Додо Пицца,Самарская область,,
Рестораны,Самара,Территория Правильных Напитков,Самарская область,,"Бар,Паб"
Рестораны,Самара,Олимпия,Самарская область,,
Рестораны,Тольятти,Дом Хинкали,Самарская область,,
Рестораны,Тольятти,Штаб квартира,Самарская область,,"Бар,Паб"
Рестораны,Тольятти,Тарелка Столовая,Самарская область,,
Рестораны,Курумоч,Шоколадница,Самарская область,,
Рестораны,Тольятти,МакДоналдс,Самарская область,,Фастфуд
Рестораны,Красноярский район,Ирландский ресторан-паб Асгард,Самарская область,,Паб
Рестораны,Самара,Вкус жизни,Самарская область,,
Рестораны,Самара,ВАУ бар,Самарская область,,
Рестораны,Тольятти,Макдоналдс,Самарская область,,
Рестораны,Самара,Кондитерская Марии Волик La Tarta,Самарская область,,
Рестораны,Самара,Россия,Самарская область,,
Рестораны,Самара,СъелБыСам,Самарская область,,
Рестораны,Тольятти,Pur-Pur,Самарская область,,
Рестораны,Самара,Царь Салтан,Самарская область,,
Рестораны,Сызрань,Белый кот,Самарская область,,"Кафе,Фастфуд"
Рестораны,Самара,Cheer Duck,Самарская область,,Бар
Рестораны,Самара,Кантина Мука,Самарская область,,
Рестораны,Самара,У Вакано,Самарская область,,
Рестораны,Самара,"Ресторан-Бар ""Жигули""",Самарская область,,Паб
Рестораны,Самара,Три Оленя,Самарская область,,
Рестораны,Самара,Баскин Роббинс,Самарская область,,
Рестораны,Тольятти,Чайхана Айва,Самарская область,,
Рестораны,Самара,BURGERPALICH,Самарская область,,Фастфуд
Рестораны,Тольятти,Buon Giorno,Самарская область,,
Рестораны,Самара,Мушмула,Самарская область,,
Рестораны,Самара,Антоник,Самарская область,,Фастфуд
Рестораны,Тольятти,Silva,Самарская область,,
Рестораны,Самара,Летняя терраса Ренессанс,Самарская область,,
Рестораны,Самара,Тануки,Самарская область,,
Рестораны,Самара,Клапштос,Самарская область,,
Рестораны,Самара,Ресторан-Бар ДОМ 68,Самарская область,,Бар
Рестораны,Самара,Старик Хинкалыч,Самарская область,,
Рестораны,Самара,"Gastrobar 12,5°",Самарская область,,
Рестораны,Самара,Puri Bakery,Самарская область,,
Рестораны,Тольятти,Усадьба,Самарская область,,
Рестораны,Самара,Тануки,Самарская область,,
Рестораны,Самара,Айриш Паб,Самарская область,,"Бар,Паб"
Рестораны,Самара,Вуаль,Самарская область,,
Рестораны,Самара,Bridge Bar,Самарская область,,
Рестораны,Самара,Хац Хаус,Самарская область,,
Рестораны,Самара,Прага,Самарская область,,
Рестораны,Самара,Marani,Самарская область,,
Рестораны,Самара,Ресторан IKEA,Самарская область,,
Рестораны,Самара,Caffe 47,Самарская область,,
Рестораны,Самара,Мама Чоли,Самарская область,,
Рестораны,Самара,Кекс в большом городе,Самарская область,,Кафе
Рестораны,Сызрань,Ресторанный комплекс Рай,Самарская область,,
Рестораны,Самара,Евростоловая,Самарская область,,
Рестораны,Тольятти,Илья Муромец,Самарская область,,
Рестораны,Самара,Додо Пицца,Самарская область,,
Рестораны,Самара,Суворов,Самарская область,,
Рестораны,Самара,То Сё,Самарская область,,
Рестораны,Самара,ТОСЕ,Самарская область,,
Рестораны,Тольятти,Суши Лис,Самарская область,,
Рестораны,Самара,Додо Пицца,Самарская область,,"Кафе,Фастфуд"
Рестораны,Самара,Такой Вот Компот,Самарская область,,
Рестораны,Самара,"Чайхана ""Восточный Квартал""",Самарская область,,
Рестораны,Сызрань,Хинкальная АВЛАБАР,Самарская область,,
Рестораны,Самара,Блинная Печка,Самарская область,,Фастфуд
Рестораны,Самара,Токио суши,Самарская область,,
Рестораны,Тольятти,Стерлинг паб,Самарская область,,Бар
Рестораны,Самара,Турбаза Ветерок,Самарская область,,"Бар,Паб"
Рестораны,Самара,Хинкали & Хачапури,Самарская область,,
Рестораны,Самара,Пластилин,Самарская область,,Кафе
Рестораны,Тольятти,Австерия,Самарская область,,
Рестораны,Самара,Комод,Самарская область,,"Кафе,Паб"
Рестораны,Самара,Я люблю тебя Кафе,Самарская область,,
Рестораны,Самара,Баскин Роббинс,Самарская область,,
Рестораны,Самара,Чайхана Зира,Самарская область,,
Рестораны,Тольятти,Луна-Рыба,Самарская область,,
Рестораны,Тольятти,"Бар-кафе ""Маруся"" ",Самарская область,,"Бар,Паб"
Рестораны,Самара,Хинкали & Хачапури,Самарская область,,
Рестораны,Самара,Чебуречная,Самарская область,,
Рестораны,Тольятти,Le Buffet,Самарская область,,
Рестораны,Тольятти,Мизандари,Самарская область,,
Рестораны,Самара,Первак,Самарская область,,
Рестораны,Тольятти,МарьИванна,Самарская область,,Фастфуд
Рестораны,Самара,Мельница,Самарская область,,
Рестораны,Самара,Патари,Самарская область,,
Рестораны,Самара,Subway,Самарская область,,Фастфуд
Рестораны,Самара,Чито Грито,Самарская область,,
Рестораны,Тольятти,Три медведя,Самарская область,,
Рестораны,Тольятти,Окей,Самарская область,,
Рестораны,Самара,МАЦА,Самарская область,,
Рестораны,Самара,Пилзнер,Самарская область,,Бар
Рестораны,Сызрань,Molotov Grill&Bar,Самарская область,,Бар
Рестораны,Самара,KFC,Самарская область,,Фастфуд
Рестораны,Самара,Ресторан Киев,Самарская область,,
Рестораны,Самара,Хачапурная №1,Самарская область,,Кафе
Рестораны,Тольятти,Причалъ,Самарская область,,
Рестораны,Самара,"Дорогая, я перезвоню",Самарская область,,Бар
Рестораны,Самара,Чиполучо,Самарская область,,
Рестораны,Самара,Ирландский паб Шеннон,Самарская область,,Бар
Рестораны,Самара,Восток,Самарская область,,
Рестораны,Самара,Конфитюр,Самарская область,,Кафе
Рестораны,Сызрань,Ресторан Старый хутор,Самарская область,,
Рестораны,Самара,СъелБыСам,Самарская область,,
Рестораны,Самара,Три Оленя-Отдых,Самарская область,,
Рестораны,Тольятти,5-й Подъездъ,Самарская область,,
Рестораны,Самара,Коза Тапас,Самарская область,,
Рестораны,Самара,Гролль,Самарская область,,
Рестораны,Самара,Хац Хаус,Самарская область,,
Рестораны,Самара,Black Rabbit,Самарская область,,
Рестораны,Самара,У Палыча,Самарская область,,
Рестораны,Самара,У Габора,Самарская область,,
Рестораны,Тольятти,Ресторан Телега,Самарская область,,
Рестораны,Самара,Макдоналдс,Самарская область,,Фастфуд
Рестораны,Самара,"Ресторан ""Фрау Мюллер""",Самарская область,,Бар
Рестораны,Самара,Таверна Дома Сивре,Самарская область,,
Рестораны,Сызрань,Торо Россо,Самарская область,,Бар
Рестораны,Тольятти,Стейк Хаус Ribay,Самарская область,,
Рестораны,Самара,Джонни Ву,Самарская область,,
Рестораны,Самара,Чиполучо,Самарская область,,
Рестораны,Самара,Чиполучо,Самарская область,,
Рестораны,Самара,Софи и Аннабель,Самарская область,,
Рестораны,Тольятти,ФортеПиано,Самарская область,,
Рестораны,Тольятти,Сельпо,Самарская область,,
Рестораны,Тольятти,"Бар ""Фрау Гретта""",Самарская область,,
Рестораны,Самара,Хачапури,Самарская область,,
Рестораны,Самара,О МОРЕ МОРЕ,Самарская область,,
Рестораны,Тольятти,Piano Bar 1888,Самарская область,,
Рестораны,Самара,Ваще Огонь,Самарская область,,Бар
Рестораны,Самара,Тбилиси,Самарская область,,
Рестораны,Тольятти,Пинта Паб,Самарская область,,"Бар,Паб"
Рестораны,Самара,Mr. Hadson,Самарская область,,
Рестораны,Самара,Хуторок,Самарская область,,
Рестораны,Самара,Megapolisbar PEOPLE`S,Самарская область,,
Рестораны,Самара,Ресторан Грин Лайн,Самарская область,,
Рестораны,Самара,Ресторан Олли,Самарская область,,
Рестораны,Самара,Картина Маслом,Самарская область,,
Рестораны,Тольятти,Osteria Mario,Самарская область,,
Рестораны,Самара,Миссис Хадсон,Самарская область,,
Рестораны,Самара,Бистро Юность,Самарская область,,
Рестораны,Тольятти,Изба,Самарская область,,
Рестораны,Тольятти,Папа Пекарь,Самарская область,,Фастфуд
Рестораны,Суходол,Югра Ресторан,Самарская область,,
Рестораны,Самара,Щикоко,Самарская область,,Фастфуд
