с0_id,с10_date,с1_region,с2_city,с3_category,с4_subcategory,с5_tags,с6_name,с7_adress,с8_latitude,с9_longitude
6560617,2020-12-15,Камчатский край,Петропавловск-Камчатский,Достопримечательности,Музеи,Специализированные музеи,Научный музей вулканологии,"бульвар Пийпа, 9, Петропавловск-Камчатский 683006 Россия",53.06907,158.60747
6622855,2020-12-15,Камчатский край,Петропавловск-Камчатский,Достопримечательности,Природа и парки,Вулканы,Вулкан Мутновский,Петропавловск-Камчатский Россия,52.44899,158.19577
8066137,2020-12-15,Камчатский край,п. Ключи,Достопримечательности,Природа и парки,Вулканы,Ключевская сопка,п. Ключи Россия,56.05345,160.64137
6474699,2020-12-15,Камчатский край,Петропавловск-Камчатский,Достопримечательности,Достопримечательности и культурные объекты,Культурные объекты и достопримечательности,Мемориальный комплекс сопки Никольской,"улица Красинцев, Петропавловск-Камчатский Россия",53.01273,158.64275
7653915,2020-12-15,Камчатский край,Елизово,Достопримечательности,Природа и парки," ,Горячие источники и гейзеры,Природные и заповедные зоны,Геологические образования,Больше,Вулканы",Кальдера вулкана Узон,Елизово Россия,54.50035,160.00694
2621010,2020-12-15,Камчатский край,Камчатский край,Достопримечательности,Музеи,Специализированные музеи,Быстринский краеведческий музей,"Советская улица, Эссо 684310 Россия",54.69473,158.61899
3651802,2020-12-15,Камчатский край,п. Ключи,Достопримечательности,Природа и парки,Вулканы,Острый и Плоский Толбачик,п. Ключи Россия,55.845524,160.32028
8815665,2020-12-15,Камчатский край,Петропавловск-Камчатский,Достопримечательности,Природа и парки,"Парки,Геологические образования,Горы",Никольская сопка,"Красинцев, 11, Петропавловск-Камчатский 683000 Россия",53.018593,158.64723
6483957,2020-12-15,Камчатский край,Петропавловск-Камчатский,Достопримечательности,Достопримечательности и культурные объекты,Церкви и соборы,Свято-Троицкий кафедральный собор,"ул. Владивостокская, 18, Петропавловск-Камчатский 683046 Россия",53.04441,158.65941
8641614,2020-12-15,Камчатский край,Петропавловск-Камчатский,Достопримечательности,Достопримечательности и культурные объекты,"Памятники и статуи,Культурные объекты и достопримечательности",Памятник Петру и Павлу,"ул. Озерновская Коса, Петропавловск-Камчатский Россия",53.02539,158.64268
12049870,2020-12-15,Камчатский край,Петропавловск-Камчатский,Достопримечательности,Природа и парки,Водоемы,Бухта Русская,Петропавловск-Камчатский Россия,52.436134,158.47855
5504383,2020-12-15,Камчатский край,Малка,Достопримечательности,Природа и парки,Горячие источники и гейзеры,Малкинские горячие источники,Малка Россия,53.3225,157.53842
6621097,2020-12-15,Камчатский край,Петропавловск-Камчатский,Отели,,,"Туристическая база ""Камчатинтур""","50 км от Петропавловска-Камчатского, Петропавловск-Камчатский 683003 Россия",53.02397,158.64452
6852264,2020-12-15,Камчатский край,Быстринский район,Отели,,,"Частное имение ""Южная""","ул. Южная, д. 56, Эссо 684350 Россия",55.92514,158.69392
14011769,2020-12-15,Камчатский край,Петропавловск-Камчатский,Отели,,,Hotel Arsenev,"Ulitsa Arseneva 1, Петропавловск-Камчатский 683902 Россия",53.0689,158.58835
5026442,2020-12-15,Камчатский край,Петропавловск-Камчатский,Отели,,,"Гостевой дом ""Медвежий угол""","ул. Свердлова, 26a, Петропавловск-Камчатский Россия",52.98351,158.673
8665940,2020-12-15,Камчатский край,Елизово,Отели,,,Кречет,"Паратунское шоссе, 24-й км, Елизово Россия",53.04235,158.65193
8382112,2020-12-15,Камчатский край,Петропавловск-Камчатский,Отели,,,Светлячок,"Паратунское шоссе, 25 км, Петропавловск-Камчатский 684034 Россия",52.97895,158.25778
12462591,2020-12-15,Камчатский край,Петропавловск-Камчатский,Отели,,,Bay House,"Авачинская, 15, Петропавловск-Камчатский 683003 Россия",53.03269,158.6308
5026446,2020-12-15,Камчатский край,Елизово,Отели,,,Арт-Отель,"ул. Виталия Кручины, 3, Елизово 684000 Россия",53.19038,158.38823
6400790,2020-12-15,Камчатский край,Петропавловск-Камчатский,Отели,,,"Туристическая база ""Альпика Плюс""","У Авачинского перевала в 15 км от города, Петропавловск-Камчатский 683042 Россия",53.02397,158.64452
6621090,2020-12-15,Камчатский край,Паратунка,Отели,,,"База отдыха ""Фламинго""","Паратунское шоссе, 23 км, 2, Паратунка Россия",53.001476,158.27438
2643041,2020-12-15,Камчатский край,Петропавловск-Камчатский,Отели,,,"Гостиница ""Гейзер""","ул. Топоркова, 10, Петропавловск-Камчатский 683031 Россия",53.060604,158.6182
5499102,2020-12-15,Камчатский край,Быстринский район,Отели,,,Гостиница Парамушир Тур,"ул. 40 лет Победы, 11, Эссо 684350 Россия",55.929626,158.6908
8402592,2020-12-15,Камчатский край,Петропавловск-Камчатский,Рестораны,,,Хруст Булка,"Пограничная, 1/1, Петропавловск-Камчатский 683003 Россия",53.03693,158.65875
5026506,2020-12-15,Камчатский край,Елизово,Отели,,,Снежная Долина ,"Lodge - Valley of Paratunka river, near Termal'niy village, Елизово 683000 Россия",52.78661,158.17227
6228629,2020-12-15,Камчатский край,Петропавловск-Камчатский,Отели,,,Отель Dolce Vita,"ул. Топоркова, 5/1, Петропавловск-Камчатский 683032 Россия",53.063816,158.62239
8402493,2020-12-15,Камчатский край,Петропавловск-Камчатский,Рестораны,,,Бек Кухня,"50 лет Октября проспект, 1а/4, Петропавловск-Камчатский Россия",53.05166,158.64378
20377635,2020-12-15,Камчатский край,Петропавловск-Камчатский,Отели,,,Atlas,"Сопочная,  3, Петропавловск-Камчатский 683024 Россия",53.040543,158.65479
21312792,2020-12-15,Камчатский край,Петропавловск-Камчатский,Отели,,,"Капсульный хостел ""Луноход""","Ленинградская, 74, Петропавловск-Камчатский 683003 Россия",53.036133,158.65552
21314869,2020-12-15,Камчатский край,Петропавловск-Камчатский,Отели,,,Friends хостел,"Войцешека, 3А, Петропавловск-Камчатский 683031 Россия",53.05772,158.63008
6537269,2020-12-15,Камчатский край,Елизово,Отели,,,"Хостел ""Вила""","Уральская ул., 2, Елизово 684000 Россия",53.168472,158.36656
7606914,2020-12-15,Камчатский край,Елизово,Отели,,,Медвежий угол,"Sverdlova Street 26 a, Елизово 684010 Россия",53.16699,158.37218
15150614,2020-12-15,Камчатский край,Паратунка,Отели,,,Частное владение Камчатка,"ул. Малкинская, Паратунка 684000 Россия",52.93934,158.23392
15233714,2020-12-15,Камчатский край,Петропавловск-Камчатский,Отели,,,Kamchatka Sweet home,"Войцешека, 3А, Петропавловск-Камчатский 683031 Россия",53.057518,158.62987
8665935,2020-12-15,Камчатский край,Елизово,Отели,,,Колумб,"12 км от поселка Термальный., Елизово Россия",53.07971,158.5801
10795784,2020-12-15,Камчатский край,Паратунка,Отели,,,Жемчужина Камчатки,"25-й км Паратунского шоссе, Паратунка 684034 Россия",52.96202,158.25723
6692422,2020-12-15,Камчатский край,Паратунка,Отели,,,Арбат,"ул. Елизова, д. 39а, Паратунка 684034 Россия",52.96394,158.25388
627447,2020-12-15,Камчатский край,Петропавловск-Камчатский,Отели,,,Гостиница Русь,"ул. Звёздная, д. 11/2, Петропавловск-Камчатский 683038 Россия",53.05331,158.66367
14987733,2020-12-15,Камчатский край,Малка,Отели,,,База отдыха Малка,Малка 684029 Россия,53.32197,157.53851
12668398,2020-12-15,Камчатский край,Петропавловск-Камчатский,Отели,,,Hostel I Love Kamchatka,"Ключевская 7, Петропавловск-Камчатский 673005 Россия",53.03306,158.63724
14016364,2020-12-15,Камчатский край,п. Ключи,Отели,,,"Гостиница ""Спящая Красавица""","ул. Кирова, д. 150, п. Ключи 684400 Россия",56.32237,160.8447
8402502,2020-12-15,Камчатский край,Петропавловск-Камчатский,Рестораны,,"Бар,Паб",Богородское Озеро,"Петропавловское шоссе, 35, Петропавловск-Камчатский Россия",52.97224,158.6932
8617575,2020-12-15,Камчатский край,Елизово,Отели,,,Фиона,"ул. Подстанционная, 5А, Елизово Россия",53.16669,158.41568
8436119,2020-12-15,Камчатский край,Петропавловск-Камчатский,Рестораны,,,Пельменная,"ул. Академика Королева, д. 71, Петропавловск-Камчатский Россия",53.05076,158.65822
8402728,2020-12-15,Камчатский край,Петропавловск-Камчатский,Рестораны,,,Восточная Домашняя Кухня,"Академика Королева, 65/3, Петропавловск-Камчатский 683009 Россия",53.04703,158.66216
11884906,2020-12-15,Камчатский край,Петропавловск-Камчатский,Рестораны,,,Tasty,"ул. Пограничная, 1/1, Петропавловск-Камчатский Россия",53.03534,158.66466
8014026,2020-12-15,Камчатский край,Петропавловск-Камчатский,Отели,,,Petropavlovsk-Kamchatsky Guest House,"Ulitsa Gorkogo 15, Петропавловск-Камчатский 683024 Россия",53.05649,158.6321
8402591,2020-12-15,Камчатский край,Петропавловск-Камчатский,Рестораны,,,Хруст Булка,"Победы проспект, 67/2, Петропавловск-Камчатский Россия",53.06986,158.61478
3337506,2020-12-15,Камчатский край,Красный,Отели,,,"Гостевой дом ""Яранга""","ул. Восточная 17-а, Красный 684014 Россия",53.21114,158.41823
12516547,2020-12-15,Камчатский край,Петропавловск-Камчатский,Отели,,,Guest House Versal,"Ulitsa Kavkazskaia 21, Петропавловск-Камчатский 683023 Россия",53.07349,158.62099
8617303,2020-12-15,Камчатский край,Петропавловск-Камчатский,Отели,,,Чайка,"Садовый пер., 12, Петропавловск-Камчатский Россия",52.98055,158.6807
21297781,2020-12-15,Камчатский край,Петропавловск-Камчатский,Отели,,,Kроноцкая 12/1,"Кроноцкая, 12/1 первый этаж, Петропавловск-Камчатский 683017 Россия",53.04589,158.65997
530177,2020-12-15,Камчатский край,Петропавловск-Камчатский,Отели,,,Гостиница Альбатрос (Best Eastern),"Кутузова улица, д. 18, Петропавловск-Камчатский 683000 Россия",53.03238,158.6891
8379646,2020-12-15,Камчатский край,Петропавловск-Камчатский,Отели,,,Фиеста,"пр. Победы д. 10/1, Петропавловск-Камчатский 683023 Россия",53.070915,158.60571
10245559,2020-12-15,Камчатский край,Елизово,Отели,,,Хостел Камчатский стиль,"Ул. Беринга, Д. 26, Елизово Россия",53.18669,158.3899
17664376,2020-12-15,Камчатский край,Елизово,Отели,,,Polet Hotel,"Ulitsa Zvezdnaya 10, Елизово 684000 Россия",53.16781,158.4252
8402676,2020-12-15,Камчатский край,Петропавловск-Камчатский,Рестораны,,,Сим-Сим,"Вольского, 2/1, Петропавловск-Камчатский 683002 Россия",53.07277,158.64383
8422746,2020-12-15,Камчатский край,Елизово,Рестораны,,Кафе,Cinema,"Почтовый переулок, д. 3, Елизово Россия",53.18388,158.38779
19451529,2020-12-15,Камчатский край,Елизово,Рестораны,,Кафе,СОВА,"Почтовый пер., 3, Елизово 684000 Россия",53.18919,158.3837
13565251,2020-12-15,Камчатский край,Петропавловск-Камчатский,Рестораны,,,Мука и Мёд,"Космический проезд, 3а, Петропавловск-Камчатский 683000 Россия",53.05677,158.66588
8402705,2020-12-15,Камчатский край,Петропавловск-Камчатский,Рестораны,,Кафе,Терек,"Беринга, 104а, Петропавловск-Камчатский Россия",53.0339,158.6328
12624227,2020-12-15,Камчатский край,Елизово,Рестораны,,"Бар,Паб",VerandA Lounge Bar,"ул. Рабочая 4, Елизово 684000 Россия",53.18587,158.38025
15419903,2020-12-15,Камчатский край,Петропавловск-Камчатский,Отели,,,Гостевой дом «Сапун гора»,"Ulitsa Okeanskaya, Петропавловск-Камчатский 683000 Россия",52.99117,158.66849
11760824,2020-12-15,Камчатский край,Петропавловск-Камчатский,Отели,,,Studiya,"Пр. 50 лет Октября, Дом 13 A, Петропавловск-Камчатский 683024 Россия",53.05496,158.63744
7649899,2020-12-15,Камчатский край,Петропавловск-Камчатский,Отели,,,Гости,"ул. Корякская, 5а, Петропавловск-Камчатский 683000 Россия",52.99622,158.65926
15023831,2020-12-15,Камчатский край,Петропавловск-Камчатский,Отели,,,Mini-Hotel Comfort,"Пограничная, 39/1 Район детского парка, Петропавловск-Камчатский 683032 Россия",53.036694,158.67255
17754254,2020-12-15,Камчатский край,Петропавловск-Камчатский,Отели,,,Apartments on Tolstogo 1,"1 Ulitsa Tolstogo, Петропавловск-Камчатский 683024 Россия",53.05292,158.6421
21015985,2020-12-15,Камчатский край,Петропавловск-Камчатский,Отели,,,Гостевои дом Сапун гора,"Сапун-гора д.17, Петропавловск-Камчатский 683010 Россия",53.02397,158.64452
12998651,2020-12-15,Камчатский край,Петропавловск-Камчатский,Отели,,,Economy Hotel Kamchatskii IRO,"ulitsa Bokhnyaka 13, Петропавловск-Камчатский 683031 Россия",53.06113,158.62498
8435512,2020-12-15,Камчатский край,Петропавловск-Камчатский,Рестораны,,,Иссык-Куль,"ул. Пограничная, д. 46, корп. 1, Петропавловск-Камчатский Россия",53.03534,158.66466
15105635,2020-12-15,Камчатский край,Петропавловск-Камчатский,Рестораны,,Кафе,Глобус Арт-кафе,"Вулканная, 59, Петропавловск-Камчатский 683023 Россия",53.084194,158.62463
8402673,2020-12-15,Камчатский край,Петропавловск-Камчатский,Рестораны,,,Шафран,"Щедрина площадь, 1, Петропавловск-Камчатский Россия",53.00646,158.65729
13239037,2020-12-15,Камчатский край,Петропавловск-Камчатский,Рестораны,,"Кафе,Фастфуд",Fix Coffee,"ул. Пограничная, 1/1, Петропавловск-Камчатский Россия",53.03534,158.66466
8402534,2020-12-15,Камчатский край,Петропавловск-Камчатский,Рестораны,,"Бар,Паб",Девятый Вал,"Петропавловское шоссе, 37/1, Петропавловск-Камчатский Россия",52.97224,158.6932
12585361,2020-12-15,Камчатский край,Петропавловск-Камчатский,Отели,,,XosteLkam24,"Ulitsa Leninskaya 24, Петропавловск-Камчатский 683000 Россия",53.01307,158.65083
14165691,2020-12-15,Камчатский край,Петропавловск-Камчатский,Рестораны,,"Бар,Паб",FirstBar,"ул.Озерновская коса 11, Петропавловск-Камчатский Россия",53.02872,158.64098
8402511,2020-12-15,Камчатский край,Петропавловск-Камчатский,Рестораны,,,Кафетерий на Десятом,"Победы проспект, 28, Петропавловск-Камчатский Россия",53.06986,158.61478
18856874,2020-12-15,Камчатский край,Петропавловск-Камчатский,Рестораны,,"Бар,Паб",Derby Bar,"Флотская, 1/1, Петропавловск-Камчатский Россия",53.06243,158.60065
8430138,2020-12-15,Камчатский край,Петропавловск-Камчатский,Рестораны,,,Эмин,"ул. Ленинская, д. 46, Петропавловск-Камчатский 683000 Россия",53.02252,158.64685
8435585,2020-12-15,Камчатский край,Петропавловск-Камчатский,Рестораны,,"Бар,Паб",Колесо,"Северо-Восточное шоссе, д. 7, Петропавловск-Камчатский Россия",53.07463,158.64223
7066899,2020-12-15,Камчатский край,Быстринский район,Отели,,,Esso-Tour Guest House,"Mostovaya Street 12A-1, Эссо 684350 Россия",55.924686,158.69377
8426420,2020-12-15,Камчатский край,Петропавловск-Камчатский,Рестораны,,,Атами,"Северо-Восточное шоссе, д. 34/1, Петропавловск-Камчатский Россия",53.06825,158.64073
8617383,2020-12-15,Камчатский край,Елизово,Отели,,,Николина Усадьба,"ул. Ключевская, 2, Елизово Россия",53.18511,158.37894
8663698,2020-12-15,Камчатский край,Елизово,Отели,,,Камчатка,"ул. Магистральная, 46, Елизово Россия",53.17694,158.40533
10845893,2020-12-15,Камчатский край,Быстринский район,Отели,,,Алена-тур,"ул. 50 лет Октября, Эссо 684350 Россия",55.92612,158.69756
17601784,2020-12-15,Камчатский край,Елизово,Отели,,,Gostevoy dom Na Naberezhnoy,"Naberezhnaya d. 39a, Елизово 684000 Россия",53.19151,158.38792
17522027,2020-12-15,Камчатский край,Елизово,Отели,,,Hostel Tourist,"Ulitsa Magistralnaya 10b, Елизово 684005 Россия",53.17569,158.40872
21156569,2020-12-15,Камчатский край,Быстринский район,Отели,,,Altay Hotel,"Мостовая 12A  Мостовая 14, Эссо 684350 Россия",55.92517,158.70244
12810699,2020-12-15,Камчатский край,Елизово,Отели,,,Mini-hotel Nadezhda,"ulitsa Magistralnaya, 240, Елизово 684005 Россия",53.1764,158.40842
20105983,2020-12-15,Камчатский край,Елизово,Отели,,,Адмирал,"Олимпийская 6, Елизово 684000 Россия",53.206753,158.36134
9820183,2020-12-15,Камчатский край,Елизово,Отели,,,ХОСТЕЛ НА КАМЧАТКЕ,"ул. Звездная, 4, Елизово 684005 Россия",53.16753,158.42146
17521330,2020-12-15,Камчатский край,Елизово,Отели,,,Mary Hostel,"Yagodnaya Ulitsa 26, Елизово 684100 Россия",53.15697,158.4323
19773612,2020-12-15,Камчатский край,Елизово,Отели,,,Lawa Land,"Мутновская, 1, Елизово 683000 Россия",52.8368,158.15607
17697715,2020-12-15,Камчатский край,Елизово,Отели,,,НеОтель,"Восточная,  17А Красный, Елизово 684014 Россия",53.13288,158.49796
15608924,2020-12-15,Камчатский край,Елизово,Отели,,,Russkiy Khostel,"Ягодная 28, Елизово 684005 Россия",53.15663,158.43256
15338746,2020-12-15,Камчатский край,Елизово,Отели,,,Dom u Petrovicha,"SNT Mechta 2, Елизово 684000 Россия",53.16923,158.42377
15275744,2020-12-15,Камчатский край,Елизово,Отели,,,Guest House On Svyazi Street,"Ul. Svyazi, D. 4, Kv. 2, Елизово 684006 Россия",53.19369,158.40979
21003853,2020-12-15,Камчатский край,Вилючинск,Отели,,,Гостиница Медведь,"Tsentralnaya Ulitsa 16, Вилючинск 684090 Россия",52.9398,158.409
12329517,2020-12-15,Камчатский край,Паратунка,Отели,,,Baza Otdykha Lotos,"Елизовскии раион, Пос. Паратунка, ул. Лесная-26, Паратунка 684034 Россия",52.970383,158.25674
22086696,2020-12-15,Камчатский край,Паратунка,Отели,,,Lesnaya Hotel,"25 Km Trassy Elizovo-Paratunka, Паратунка Россия",52.96202,158.25723
17853520,2020-12-15,Камчатский край,п. Ключи,Отели,,,Vulkanolog Guest house,"Ulitsa Vulkanostantsiya 7, п. Ключи 684400 Россия",56.317207,160.85663
15243061,2020-12-15,Камчатский край,п. Ключи,Отели,,,Inn Viktoriia,"Ulitsa Svobodnaia 11, п. Ключи 684400 Россия",56.292156,160.78712
12489954,2020-12-15,Камчатский край,Паратунка,Отели,,,Baza otdykha Rassvet,"26 km Avtotrassy Elizovo, Паратунка 684034 Россия",52.962975,158.25832
8130922,2020-12-15,Камчатский край,Вилючинск,Отели,,,Vilyuchinskaya Inn,"Victory, 9, Вилючинск 684090 Россия",52.926586,158.40398
13005502,2020-12-15,Камчатский край,Паратунка,Отели,,,Usadba Rosinka,"23 km trassy Elizovo - Paratunka 23, Паратунка 684034 Россия",52.990227,158.26532
21509022,2020-12-15,Камчатский край,Паратунка,Отели,,,Санаторий  Паратунка,"улица Санаторная, дом 21, Паратунка 684034 Россия",52.947445,158.27312
13111035,2020-12-15,Камчатский край,Быстринский район,Отели,,,Baza Otdykha Yuzhnaya,"ulitsa Iuzhnaia, 56, Эссо 684350 Россия",55.921112,158.69662
15323851,2020-12-15,Камчатский край,Николаевка,Отели,,,Guest House Diliya,"Mayachnaya Street 2, Николаевка 297546 Россия",53.03617,158.3367
19892842,2020-12-15,Камчатский край,Елизово,Отели,,,Hostel Kray Sveta,"Ulitsa Zvezdnaya д.2, Елизово 684005 Россия",52.963177,158.25856
17612653,2020-12-15,Камчатский край,Мильково,Отели,,,Baza Otdykha Kamchatka,"101 Km, Мильково 684300 Россия",54.6873,158.61685
15274304,2020-12-15,Камчатский край,Мильково,Отели,,,Аmto Mil'Kovo,"Shkol'naya 17 15, Мильково 684300 Россия",55.6092,37.79686
10902281,2020-12-15,Камчатский край,Быстринский район,Отели,,,Hotel on 40 Let Pobedy St.,"ul. 40 Let Pobedy d. 11, Эссо 684350 Россия",55.92997,158.69714
10640547,2020-12-15,Камчатский край,Елизово,Отели,,,АМТО,"Ленина 32, Елизово 684000 Россия",53.1925,158.38225
21092001,2020-12-15,Камчатский край,Николаевка,Отели,,,Hotel Enigma,"Chudesnaya 2/53, Николаевка 297546 Россия",53.03617,158.3367
17522058,2020-12-15,Камчатский край,Петропавловск-Камчатский,Отели,,,ЛэндКам,"Bul'var Rybatskoy Slavy 9, Петропавловск-Камчатский 683024 Россия",53.0555,158.64326
17790730,2020-12-15,Камчатский край,Петропавловск-Камчатский,Отели,,,Hostel Kamchatskiy,"ул. Пржевальского 17а, Петропавловск-Камчатский 683016 Россия",53.04135,158.61993
12977625,2020-12-15,Камчатский край,Петропавловск-Камчатский,Отели,,,Guest House on SNT Druzhba,"Elizovo, SNT Druzhba, dom 34, Петропавловск-Камчатский 683000 Россия",53.16689,158.48204
11886464,2020-12-15,Камчатский край,Петропавловск-Камчатский,Отели,,,Rooms on Chubarova 4,"ulitsa Chubarova, 4, 74, Петропавловск-Камчатский 683023 Россия",53.07016,158.61424
15518124,2020-12-15,Камчатский край,Петропавловск-Камчатский,Отели,,,Peliken,"Ul. Vostochnoe Shosse, 7/6, Петропавловск-Камчатский 683042 Россия",53.04989,158.69089
17552368,2020-12-15,Камчатский край,Петропавловск-Камчатский,Отели,,,Zamnachalnika Apartments,"16 Ulitsa Leningradskaya, Петропавловск-Камчатский 683003 Россия",53.03436,158.64996
12902766,2020-12-15,Камчатский край,Петропавловск-Камчатский,Отели,,,Om s Saunoy,"18 Ulitsa Kosmonavtov, Петропавловск-Камчатский 683905 Россия",53.05294,158.6047
20106104,2020-12-15,Камчатский край,Петропавловск-Камчатский,Отели,,,Хостел У Беринга,"115 Ulitsa Beringa, Петропавловск-Камчатский 683016 Россия",53.02397,158.64452
15881235,2020-12-15,Камчатский край,Петропавловск-Камчатский,Отели,,,Apartment Naberezhnaya 20,"ul. Naberezhnaya 20, Apt. 43, Петропавловск-Камчатский 683000 Россия",53.02512,158.64716
8426432,2020-12-15,Камчатский край,Петропавловск-Камчатский,Рестораны,,"Бар,Паб",Баркад,"ул. Ларина, д. 6а, Петропавловск-Камчатский Россия",53.07159,158.6493
13088124,2020-12-15,Камчатский край,Петропавловск-Камчатский,Рестораны,,Кафе,Бодрый Краб,"ул. Кавказская, 18, Петропавловск-Камчатский 683000 Россия",53.06889,158.61786
21052771,2020-12-15,Камчатский край,Петропавловск-Камчатский,Отели,,,Квартира,"Prospekt Tsiolkovskogo 39 64, Петропавловск-Камчатский 683023 Россия",53.02397,158.64452
19726374,2020-12-15,Камчатский край,Петропавловск-Камчатский,Рестораны,,Кафе,СИДНЕЙ,"​Тушканова, 7, Петропавловск-Камчатский 683031 Россия",53.060013,158.63014
19750229,2020-12-15,Камчатский край,Петропавловск-Камчатский,Отели,,,Khvoia Khostel,"36 Ulitsa Leninskaya, Петропавловск-Камчатский 683001 Россия",53.015713,158.64961
8402562,2020-12-15,Камчатский край,Петропавловск-Камчатский,Рестораны,,"Бар,Паб",Форт Артуа,"Абеля, 10/1, Петропавловск-Камчатский 683023 Россия",53.06887,158.60052
8402660,2020-12-15,Камчатский край,Петропавловск-Камчатский,Рестораны,,,Рай,"Победы проспект, 34, Петропавловск-Камчатский Россия",53.07223,158.59073
8426444,2020-12-15,Камчатский край,Петропавловск-Камчатский,Рестораны,,Паб,Beerlin,"ул. Флотская, д. 1/1, Петропавловск-Камчатский Россия",53.06243,158.60065
21332700,2020-12-15,Камчатский край,Петропавловск-Камчатский,Отели,,,Северное Приключение,"Паратунское шоссе, 25-й км, Петропавловск-Камчатский Россия",53.02397,158.64452
20063664,2020-12-15,Камчатский край,Петропавловск-Камчатский,Отели,,,Дом на Топоркова,"23 Ulitsa Toporkova, Петропавловск-Камчатский 683031 Россия",53.062366,158.61615
17532957,2020-12-15,Камчатский край,Петропавловск-Камчатский,Отели,,,Shade Inn,"Pervomayskaya Ulitsa 4, Петропавловск-Камчатский 683041 Россия",53.03534,158.74506
21019316,2020-12-15,Камчатский край,Петропавловск-Камчатский,Отели,,,Атмосфера Мини-отель,"Ulitsa Vilyuyskaya 15, Петропавловск-Камчатский 683003 Россия",53.034748,158.64075
21507636,2020-12-15,Камчатский край,Петропавловск-Камчатский,Отели,,,Hotel Gum,"Ulitsa Leninskaya 54 2 этаж, Петропавловск-Камчатский 683000 Россия",53.019566,158.648
16655464,2020-12-15,Камчатский край,Петропавловск-Камчатский,Отели,,,Apartment Black Sand,"Ulitsa Leninskaya 34 office 14, Петропавловск-Камчатский 683000 Россия",53.01528,158.64967
16706687,2020-12-15,Камчатский край,Петропавловск-Камчатский,Отели,,,Gostevye Domiki Derevenka,"Poselok Svetlyi Microrayon Molodezhnyi 27 18-iy km, Петропавловск-Камчатский 684017 Россия",53.016556,158.65001
11695803,2020-12-15,Камчатский край,Усть-Большерецк,Отели,,,Guest Home AMTO,"ul Naberezhnaya 31, Усть-Большерецк 684100 Россия",52.821,156.28505
17596731,2020-12-15,Камчатский край,Усть-Большерецк,Отели,,,Территория лосося,"Тарасов ключ, Усть-Большерецк 684100 Россия",52.812397,156.2871
7735552,2020-12-15,Камчатский край,Усть-Большерецк,Отели,,,Turisticheskaya Baza Opala,"Reka Opala, Усть-Большерецк 684100 Россия",52.82617,156.28146
8048925,2020-12-15,Камчатский край,п. Ключи,Отели,,,Гостиница Светлана,"ул. Кирова, д.136, п. Ключи 684400 Россия",56.32237,160.8447
10795837,2020-12-15,Камчатский край,Быстринский район,Отели,,,"Гостиница ""Алёна-Тур""","ул. Кедровая, 4, Эссо 684350 Россия",55.92379,158.69197
8617292,2020-12-15,Камчатский край,Петропавловск-Камчатский,Отели,,,Абажуръ,"ул. Кутузова, 12а, Петропавловск-Камчатский Россия",53.03246,158.68906
2707894,2020-12-15,Камчатский край,Петропавловск-Камчатский,Отели,,,Октябрьская,"Советская улица, д. 51, Петропавловск-Камчатский 634022 Россия",53.01277,158.65182
19976085,2020-12-15,Камчатский край,Радыгина,Отели,,,Kam Relax Glamping,"30 километров от Петропавловск-Камчатский, Радыгина 683041 Россия",53.113426,159.10521
8424585,2020-12-15,Камчатский край,Елизово,Отели,,,Гостевой дом У Михалыча,"ул. Три, 26, Елизово 684000 Россия",53.211025,158.41838
664364,2020-12-15,Камчатский край,Петропавловск-Камчатский,Отели,,,Гостиница Эдельвейс,"ул. Братиславская, д. 14б, Петропавловск-Камчатский 683006 Россия",53.069916,158.6031
12184161,2020-12-15,Камчатский край,Петропавловск-Камчатский,Отели,,,Гостевой дом Аврора,"ул. Шоссеиная, 64, Петропавловск-Камчатский 684014 Россия",53.123356,158.51096
10029142,2020-12-15,Камчатский край,Начики,Отели,,,Иглу отель Горная территория,"Kamchatka Долина реки Паратунка, Начики 684025 Россия",52.791744,158.17601
8617321,2020-12-15,Камчатский край,Петропавловск-Камчатский,Отели,,,Эдельвейс,"Победы проспект, 27, Петропавловск-Камчатский Россия",53.06986,158.61478
8700939,2020-12-15,Камчатский край,Паратунка,Отели,,,Baza Otdykha Lesnaya,Паратунка 684000 Россия,52.984436,158.25807
8422738,2020-12-15,Камчатский край,Елизово,Рестораны,,"Бар,Паб",Каспий,"Почтовый переулок, д. 5, Елизово Россия",53.18371,158.38829
14976449,2020-12-15,Камчатский край,Паратунка,Рестораны,,,Лось Лосось,"база отдыха ""Голубая лагуна"", Паратунка 684034 Россия",52.99857,158.22626
10476086,2020-12-15,Камчатский край,Петропавловск-Камчатский,Рестораны,,"Бар,Паб",Тайга,"ул. Звёздная, 26, Петропавловск-Камчатский 683000 Россия",53.051865,158.66197
8402721,2020-12-15,Камчатский край,Петропавловск-Камчатский,Рестораны,,,Узбекская Кухня,"Академика Королева, 71, Петропавловск-Камчатский 683049 Россия",53.04703,158.66216
6474598,2020-12-15,Камчатский край,Петропавловск-Камчатский,Рестораны,,Бар,Барака,"50 лет Октября проспект, д. 16/1 ТРЦ Парус, 4 этаж, Петропавловск-Камчатский Россия",53.056835,158.63483
13445954,2020-12-15,Камчатский край,Елизово,Рестораны,,Кафе,"Кафе ""Авеню""","ул. Ленина, 21, Елизово Россия",53.18389,158.38991
11897743,2020-12-15,Камчатский край,Петропавловск-Камчатский,Рестораны,,"Бар,Паб",Ханс,"ул. Лукашевского, 29, Петропавловск-Камчатский Россия",53.064693,158.64027
8402547,2020-12-15,Камчатский край,Петропавловск-Камчатский,Рестораны,,,Дуэт,"Победы проспект, 32, Петропавловск-Камчатский Россия",53.06986,158.61478
8402739,2020-12-15,Камчатский край,Петропавловск-Камчатский,Рестораны,,"Бар,Паб",Звездный,"Звёздная, 7/3, Петропавловск-Камчатский Россия",53.05331,158.66367
8422797,2020-12-15,Камчатский край,Елизово,Рестораны,,,Паприка,"ул. Виталия Кручины, д. 6, Елизово Россия",53.19038,158.38823
8435502,2020-12-15,Камчатский край,Елизово,Рестораны,,,Хесбургер,"ул. Завойко, д. 1, Елизово Россия",53.188522,158.38246
8439437,2020-12-15,Камчатский край,Петропавловск-Камчатский,Рестораны,,,Wok'N'Roll,"ул. Вулканная, д. 59, Петропавловск-Камчатский Россия",53.084194,158.62463
13144599,2020-12-15,Камчатский край,Петропавловск-Камчатский,Рестораны,,,Sherbet,"улица Академика Королева, 50, Петропавловск-Камчатский 683009 Россия",53.04703,158.66216
8402470,2020-12-15,Камчатский край,Петропавловск-Камчатский,Рестораны,,"Бар,Паб",7 Пятниц,"Пограничная, 84, Петропавловск-Камчатский Россия",53.03693,158.65875
8402498,2020-12-15,Камчатский край,Петропавловск-Камчатский,Рестораны,,,Блэк & Уайт,"Абеля, 10/1, Петропавловск-Камчатский 683023 Россия",53.06893,158.60059
8402740,2020-12-15,Камчатский край,Петропавловск-Камчатский,Рестораны,,,Золотой Якорь,"Рыбаков проспект, 13, Петропавловск-Камчатский Россия",53.05627,158.6408
8402590,2020-12-15,Камчатский край,Петропавловск-Камчатский,Рестораны,,,Хруст Булка,"Пограничная, 2, Петропавловск-Камчатский 683032 Россия",53.03534,158.66466
8439444,2020-12-15,Камчатский край,Петропавловск-Камчатский,Рестораны,,Кафе,Узбекская Кухня,"ул. Чубарова, д. 16, Петропавловск-Камчатский Россия",53.06978,158.61546
8617377,2020-12-15,Камчатский край,Паратунка,Отели,,,Огонек,"23 км, 3, Паратунка Россия",53.04169,158.65222
8402514,2020-12-15,Камчатский край,Петропавловск-Камчатский,Рестораны,,,Чайхана,"Чубарова, 16/9, Петропавловск-Камчатский 683023 Россия",53.06978,158.61546
8422765,2020-12-15,Камчатский край,Елизово,Рестораны,,,Дракон,"ул. Виталия Кручины, д. 19а, Елизово Россия",53.19038,158.38823
8402575,2020-12-15,Камчатский край,Петропавловск-Камчатский,Рестораны,,,Хесбургер,"Космический проезд, 3а, Петропавловск-Камчатский Россия",53.05677,158.66588
8422874,2020-12-15,Камчатский край,Елизово,Рестораны,,,Руслан,"ул. Рябикова, д. 1, Елизово Россия",53.18576,158.38864
8439432,2020-12-15,Камчатский край,Петропавловск-Камчатский,Рестораны,,,У Амировича,"ул. Чубарова, д. 16, корп. 26, Петропавловск-Камчатский 683006 Россия",53.06978,158.61546
6528471,2020-12-15,Камчатский край,Паратунка,Отели,,,Гелиос,"Паратунское шоссе, 24 км, Паратунка Россия",52.96202,158.25723
8663695,2020-12-15,Камчатский край,Петропавловск-Камчатский,Отели,,,Гостиница на Садовой,"ул. Пономарева, 12, Петропавловск-Камчатский Россия",52.98432,158.67838
10197432,2020-12-15,Камчатский край,Усть-Большерецк,Отели,,,Bol'shaya Reka,"Pervomayaskaya, 6, Усть-Большерецк 684100 Россия",52.82515,156.2955
12035568,2020-12-15,Камчатский край,Паратунка,Отели,,,База отдыха Лотос,"ул. Лесная 26, Паратунка 684034 Россия",52.970375,158.25676
12115508,2020-12-15,Камчатский край,Петропавловск-Камчатский,Отели,,,Mini Hotel Partizanskaya 31,"Partizanskaya 31, Петропавловск-Камчатский 684000 Россия",53.0199,158.64958
12922965,2020-12-15,Камчатский край,Петропавловск-Камчатский,Отели,,,Дом Кутха,"Горького, 16, Петропавловск-Камчатский 683024 Россия",53.0545,158.63258
10607703,2020-12-15,Камчатский край,Быстринский район,Отели,,,Камчатские горизонты,"ул. Нагорная, 9, Эссо 684350 Россия",55.92832,158.69963
6716230,2020-12-15,Камчатский край,Петропавловск-Камчатский,Отели,,,Гостиничный комплекс Апачинские термальные источники,"ул. Ленинская, д. 24, Петропавловск-Камчатский 683000 Россия",53.02252,158.64685
8617297,2020-12-15,Камчатский край,Быстринский район,Отели,,,Алтай,"ул. Мостовая, д. 12А, кв. 1, Эссо 684350 Россия",55.92564,158.70422
17547476,2020-12-15,Камчатский край,Петропавловск-Камчатский,Отели,,,Hostel Ermak,"Leninskaya Ulitsa, Dom 10 Tretiy Etazh, Kv. 12, Петропавловск-Камчатский 683004 Россия",53.02252,158.64685
17693440,2020-12-15,Камчатский край,Петропавловск-Камчатский,Отели,,,Glamp Story Kamchatka Glamping,"Khalaktyrsky Beach, Петропавловск-Камчатский 683000 Россия",52.98801,158.84476
17458410,2020-12-15,Камчатский край,Елизово,Отели,,,Yu Hotel,"Ulitsa Vitaliya Kruchiny, 38 А, Елизово 684000 Россия",53.190006,158.35558
16742058,2020-12-15,Камчатский край,Петропавловск-Камчатский,Отели,,,Mestechko,"Садовая, 2, Петропавловск-Камчатский 683013 Россия",53.127007,158.56514
7088599,2020-12-15,Камчатский край,Петропавловск-Камчатский,Отели,,,ГК Постоялый Двор,"ул. Ватутина 1, Петропавловск-Камчатский 683024 Россия",53.049328,158.63486
12978140,2020-12-15,Камчатский край,Вилючинск,Отели,,,Гостиница Медведь,"Приморская, 8, Вилючинск 684090 Россия",52.92894,158.40721
19736196,2020-12-15,Камчатский край,Елизово,Отели,,,Forest Hotel,"9A Geofizicheskaya Ulitsa, Елизово 684000 Россия",53.18974,158.37042
21127159,2020-12-15,Камчатский край,Козыревск,Отели,,,Hoteltolbachik,"2 Rabochii Pereulok, 13, Козыревск 684405 Россия",56.05611,159.87144
12532794,2020-12-15,Камчатский край,Петропавловск-Камчатский,Отели,,,Hostel on Chernyshevskogo 45,"Chernyshevskogo 45, Петропавловск-Камчатский 683024 Россия",53.04059,158.65099
12539835,2020-12-15,Камчатский край,Петропавловск-Камчатский,Отели,,,Mini-Hotel Peliken,"Vostochnoye Shosse, Петропавловск-Камчатский 683000 Россия",53.07184,158.64044
8402664,2020-12-15,Камчатский край,Петропавловск-Камчатский,Рестораны,,"Бар,Паб",Рандеву,"Войцешека, 3а/3, Петропавловск-Камчатский Россия",53.0588,158.62914
8402635,2020-12-15,Камчатский край,Петропавловск-Камчатский,Рестораны,,,Папарацци,"Советская, 35, Петропавловск-Камчатский 683000 Россия",53.01277,158.65182
6954036,2020-12-15,Камчатский край,Петропавловск-Камчатский,Рестораны,,,Ямато,"ул. Лукашевского, д. 5 1 этаж; ТЦ Планета, Петропавловск-Камчатский 683024 Россия",53.06059,158.63647
20140818,2020-12-15,Камчатский край,Петропавловск-Камчатский,Рестораны,,,Яранга,"Озерновская коса, 4, Петропавловск-Камчатский 683980 Россия",53.02872,158.64098
8402561,2020-12-15,Камчатский край,Петропавловск-Камчатский,Рестораны,,,Фортуна,"Ленинская, 38, Петропавловск-Камчатский 683000 Россия",53.02252,158.64685
8402556,2020-12-15,Камчатский край,Петропавловск-Камчатский,Рестораны,,Кафе,Экспресс,"Победы проспект, 65, Петропавловск-Камчатский Россия",53.06986,158.61478
17704163,2020-12-15,Камчатский край,Петропавловск-Камчатский,Рестораны,,,Киш Миш,"50 лет Октября, 16/1 ТРК Парус, Петропавловск-Камчатский 683024 Россия",53.05168,158.64377
8436112,2020-12-15,Камчатский край,Петропавловск-Камчатский,Рестораны,,,Павлинка,"Космический проезд, д. 5в, Петропавловск-Камчатский Россия",53.05677,158.66588
8402644,2020-12-15,Камчатский край,Петропавловск-Камчатский,Рестораны,,"Бар,Паб",Пивной Бар,"Ключевская, 51, Петропавловск-Камчатский 683003 Россия",53.03306,158.63724
8402593,2020-12-15,Камчатский край,Петропавловск-Камчатский,Рестораны,,,Хруст Булка,"Пийпа бульвар, 6, Петропавловск-Камчатский Россия",53.06904,158.60742
16868316,2020-12-15,Камчатский край,Петропавловск-Камчатский,Рестораны,,,Roll-Express,"Бульвар Пийпа, 6, Петропавловск-Камчатский Россия",53.06907,158.60747
8436466,2020-12-15,Камчатский край,Петропавловск-Камчатский,Рестораны,,"Бар,Паб",Тадоликс,"ул. Абеля, д. 4, Петропавловск-Камчатский Россия",53.06887,158.60052
8402636,2020-12-15,Камчатский край,Петропавловск-Камчатский,Рестораны,,,Печки-лавочки,"Виталия Кручины, 8/1, Петропавловск-Камчатский 683002 Россия",53.06853,158.64662
8402634,2020-12-15,Камчатский край,Петропавловск-Камчатский,Рестораны,,,Папарацци,"Ленинградская, 100, Петропавловск-Камчатский 683003 Россия",53.031654,158.6385
8402576,2020-12-15,Камчатский край,Петропавловск-Камчатский,Рестораны,,,Хесбургер,"50 лет Октября проспект, 16/1, Петропавловск-Камчатский Россия",53.05166,158.64378
8342250,2020-12-15,Камчатский край,Елизово,Рестораны,,,Ресторан Полёт,"Привокзальная площадь, Елизово 684005 Россия",53.16927,158.42516
8402508,2020-12-15,Камчатский край,Петропавловск-Камчатский,Рестораны,,,Бродвей,"Ленинградская, 49, Петропавловск-Камчатский 683003 Россия",53.031654,158.6385
19254022,2020-12-15,Камчатский край,Петропавловск-Камчатский,Рестораны,,,Камбала,"Озерновская Коса, 9, Петропавловск-Камчатский 683980 Россия",53.027,158.64127
8402654,2020-12-15,Камчатский край,Петропавловск-Камчатский,Рестораны,,Фастфуд,Планета-Пицца,"Космический проезд, 3а, Петропавловск-Камчатский Россия",53.05677,158.66588
8402496,2020-12-15,Камчатский край,Петропавловск-Камчатский,Рестораны,,,Бисквит Роял,"50 лет Октября проспект, 1а, Петропавловск-Камчатский Россия",53.05166,158.64378
8402734,2020-12-15,Камчатский край,Петропавловск-Камчатский,Рестораны,,,Ё-Буфет,"50 лет Октября проспект, 26, Петропавловск-Камчатский Россия",53.05166,158.64378
8402677,2020-12-15,Камчатский край,Петропавловск-Камчатский,Рестораны,,,Славянский,"Победы проспект, 22, Петропавловск-Камчатский Россия",53.07217,158.59207
8436257,2020-12-15,Камчатский край,Петропавловск-Камчатский,Рестораны,,,Смотровая,"ул. Высотная, д. 35, Петропавловск-Камчатский Россия",53.017097,158.6603
8666036,2020-12-15,Камчатский край,Елизово,Отели,,,Привокзальная гостиница,"ул. Звёздная, 5, Елизово Россия",53.16753,158.42146
10644245,2020-12-15,Камчатский край,п. Ключи,Отели,,,Вулканолог,"ул. Вулканостанция, д. 5, п. Ключи 684400 Россия",56.317207,160.85663
12717282,2020-12-15,Камчатский край,Петропавловск-Камчатский,Отели,,,Hostel Kamchatka-Wild Tours,"Ulitsa Tushkanova 12 office 2, Петропавловск-Камчатский 683031 Россия",53.06377,158.6285
17768838,2020-12-15,Камчатский край,Паратунка,Отели,,,Тайны Камчатки,"Елизова, 6, Паратунка 684034 Россия",52.96394,158.25388
12406378,2020-12-15,Камчатский край,Елизово,Отели,,,Хостел Парк,"ул. Магистральная, 55, Елизово 684005 Россия",53.156567,158.43484
12201156,2020-12-15,Камчатский край,Петропавловск-Камчатский,Отели,,,Mini Hotel Amto,"Prospekt Rybakov 1, Петропавловск-Камчатский 683024 Россия",53.05579,158.6379
21211494,2020-12-15,Камчатский край,Елизово,Отели,,,Гостевой дом Сердце вулкана,"Винокурова,  1а, Елизово Россия",53.206905,158.41272
8105598,2020-12-15,Камчатский край,Паратунка,Отели,,,Gostevaya Usadba Country,"Ulitsa Nagornaya 7, Паратунка 684034 Россия",53.14636,158.36691
8517868,2020-12-15,Камчатский край,Быстринский район,Отели,,,Гостевой Дом Грушанка,"Переулок Медвежий Угол 5, Эссо 684350 Россия",55.918728,158.70102
6620333,2020-12-15,Камчатский край,Елизово,Отели,,,"Гостевой домик ""Росомаха""","24 км объездной дороги Петропавловск-Елизово, Елизово Россия",52.963177,158.25856
15122413,2020-12-15,Камчатский край,Петропавловск-Камчатский,Отели,,,Ключотель,"Вилюйская, 111, Петропавловск-Камчатский 683003 Россия",53.040913,158.67772
12927167,2020-12-15,Камчатский край,Петропавловск-Камчатский,Отели,,,АТМОСФЕРА,"ул. Вилюйская, д. 15, Петропавловск-Камчатский 683003 Россия",53.034737,158.64081
6874265,2020-12-15,Камчатский край,Паратунка,Отели,,,Березка,"ул. Коркина, д. 1 Камчатский край, Паратунка 684034 Россия",53.15238,158.37077
6885803,2020-12-15,Камчатский край,Елизово,Отели,,,Гостевые Домики Деревенька,"мкр. Молодежный, д. 27 п. Светлый, Елизово 684017 Россия",52.963177,158.25856
12920356,2020-12-15,Камчатский край,Паратунка,Отели,,,Лесная поляна,"ул. Крашенинникова, 21, Паратунка 684035 Россия",52.949593,158.24838
10726589,2020-12-15,Камчатский край,Петропавловск-Камчатский,Отели,,,Apart-Hotel Russkii Dvor,"ul. Toporkova 6/5, Kvartira 36, Петропавловск-Камчатский 683031 Россия",53.06219,158.6193
8402625,2020-12-15,Камчатский край,Петропавловск-Камчатский,Рестораны,,Кафе,Милк Кафе,"Пограничная, 2, Петропавловск-Камчатский 683032 Россия",53.03693,158.65875
8430123,2020-12-15,Камчатский край,Петропавловск-Камчатский,Рестораны,,Кафе,Домик в деревне,"ул. Мишенная, д. 4, Петропавловск-Камчатский Россия",53.032734,158.63452
8436155,2020-12-15,Камчатский край,Елизово,Рестораны,,,Полет,"ул. Звёздная, д. 10/2, Елизово Россия",53.16753,158.42146
8402711,2020-12-15,Камчатский край,Петропавловск-Камчатский,Рестораны,,,Традиции Гостеприимства,"Лукашевского, 27, Петропавловск-Камчатский 683024 Россия",53.06059,158.63647
11661639,2020-12-15,Камчатский край,Петропавловск-Камчатский,Рестораны,,,Аура,"ул. Кавказская, 3, Петропавловск-Камчатский Россия",53.07623,158.62125
6366498,2020-12-15,Камчатский край,Петропавловск-Камчатский,Рестораны,,,Сванский Двор,"ул. Виталия Кручины, д. 1, Петропавловск-Камчатский Россия",53.06853,158.64662
8402725,2020-12-15,Камчатский край,Петропавловск-Камчатский,Рестораны,,,Великая Стена,"Ленинградская, 35, Петропавловск-Камчатский 683003 Россия",53.031654,158.6385
8402707,2020-12-15,Камчатский край,Петропавловск-Камчатский,Рестораны,,,Теремок,"Пограничная, 1/1, Петропавловск-Камчатский 683003 Россия",53.03693,158.65875
8402623,2020-12-15,Камчатский край,Петропавловск-Камчатский,Рестораны,,,Моховской Хлеб,"Войцешека, 5, Петропавловск-Камчатский Россия",53.0588,158.62914
10631952,2020-12-15,Камчатский край,Мильково,Рестораны,,,Кафе Таёжное,"Советская ул., 52, Мильково 684300 Россия",54.70138,158.63176
8423009,2020-12-15,Камчатский край,Елизово,Рестораны,,,Узбекская Кухня,"ул. Завойко, д. 15а, Елизово Россия",53.18752,158.38277
8436300,2020-12-15,Камчатский край,Петропавловск-Камчатский,Рестораны,,,Столовая,"ул. Войцешека, д. 5, Петропавловск-Камчатский 683000 Россия",53.0588,158.62914
8439491,2020-12-15,Камчатский край,Петропавловск-Камчатский,Рестораны,,,Моховской Хлеб,"ул. Ленинская, д. 62, Петропавловск-Камчатский Россия",53.02252,158.64685
12424590,2020-12-15,Камчатский край,Петропавловск-Камчатский,Рестораны,,,Surf Coffee,"пр. Победы, 67, Петропавловск-Камчатский 683902 Россия",53.070526,158.58809
14165412,2020-12-15,Камчатский край,Петропавловск-Камчатский,Рестораны,,,Friends and Burgers,"Проспект Победы 34, Петропавловск-Камчатский Россия",53.06986,158.61478
13814218,2020-12-15,Камчатский край,Петропавловск-Камчатский,Рестораны,,,Рамен Камчатка,"просп. 50 лет Октября, 16, Петропавловск-Камчатский 683024 Россия",53.05646,158.63564
6375819,2020-12-15,Камчатский край,Петропавловск-Камчатский,Рестораны,,,Два Бобра,"ул. Вулканная, д. 59 На 8-ом км Объездной Дороги, Петропавловск-Камчатский Россия",53.083927,158.63411
8402616,2020-12-15,Камчатский край,Петропавловск-Камчатский,Рестораны,,,Макс-Пицца,"Виталия Кручины, 13, Петропавловск-Камчатский 683002 Россия",53.06854,158.64479
8402543,2020-12-15,Камчатский край,Петропавловск-Камчатский,Рестораны,,,Драгон И,"Абеля, 41, Петропавловск-Камчатский 683023 Россия",53.06887,158.60052
8560561,2020-12-15,Камчатский край,Паратунка,Рестораны,,,Ресторан Звездное небо,"ул. Елизова, 21 Гостиница Бел-Кам-Тур, Паратунка 684034 Россия",52.961555,158.25873
8439440,2020-12-15,Камчатский край,Петропавловск-Камчатский,Рестораны,,,Петропавловск,"Карла Маркса проспект, д. 31а Oтель Петропавловск, Петропавловск-Камчатский 683031 Россия",53.06649,158.63832
8402695,2020-12-15,Камчатский край,Петропавловск-Камчатский,Рестораны,,,Столовка,"Ленинградская, 102, Петропавловск-Камчатский 683003 Россия",53.031654,158.6385
8386751,2020-12-15,Камчатский край,Петропавловск-Камчатский,Рестораны,,,Малино,"50 лет Октября проспект, д. 16/1 ТРЦ Парус, Петропавловск-Камчатский 683024 Россия",53.05166,158.64378
8402501,2020-12-15,Камчатский край,Петропавловск-Камчатский,Рестораны,,,Бочка,"Ватутина, 1, Петропавловск-Камчатский 683024 Россия",53.05404,158.63458
8402568,2020-12-15,Камчатский край,Петропавловск-Камчатский,Рестораны,,,Голд Хаус,"Ленинградская, 104, Петропавловск-Камчатский 683003 Россия",53.031654,158.6385
8436435,2020-12-15,Камчатский край,Петропавловск-Камчатский,Рестораны,,,Токио,"Космический проезд, д. 3а ТРЦ Пирамида, Петропавловск-Камчатский Россия",53.05722,158.66531
8402571,2020-12-15,Камчатский край,Петропавловск-Камчатский,Рестораны,,,Гранд Кафе,"Пограничная, 1/1, Петропавловск-Камчатский 683003 Россия",53.03534,158.66466
4453878,2020-12-15,Камчатский край,Паратунка,Отели,,,"Гостевой Дом ""Антариус""","ул. Молчанова, 22, Паратунка 684034 Россия",52.95238,158.2443
4613677,2020-12-15,Камчатский край,Петропавловск-Камчатский,Отели,,,Три Лыжи,"ул. Советская, 48, Петропавловск-Камчатский 683000 Россия",53.021774,158.64806
13008092,2020-12-15,Камчатский край,Паратунка,Отели,,,Baza Otdykha Lesnaya Polyana,"ulitsa Krashieninnikova, zd. 21, Паратунка 684034 Россия",52.94925,158.24873
11894830,2020-12-15,Камчатский край,Начики,Отели,,,"Санаторий ""Начики""","ул. Санаторная, 17, Начики 684025 Россия",53.123253,157.75027
13345730,2020-12-15,Камчатский край,Петропавловск-Камчатский,Отели,,,Хостел Брусника,"проспект 50 лет Октября, 28, Петропавловск-Камчатский 684030 Россия",53.05842,158.63297
12554221,2020-12-15,Камчатский край,Паратунка,Отели,,,Gostinichniy Kompleks Bel-Kam-Tour,"Ulitsa Elizova 39, Паратунка 684034 Россия",52.962975,158.25832
15009565,2020-12-15,Камчатский край,Петропавловск-Камчатский,Отели,,,Гостиница Командор,"Советская,  74, Петропавловск-Камчатский 683000 Россия",53.024643,158.6463
15110423,2020-12-15,Камчатский край,Петропавловск-Камчатский,Отели,,,Три лыжи,"Советская, 48, Петропавловск-Камчатский 683000 Россия",53.021816,158.64796
3842660,2020-12-15,Камчатский край,Паратунка,Отели,,,Гостиница Бел-Кам-Тур,"ул.Елизова 21, 39, Паратунка 684034 Россия",52.96159,158.259
12910845,2020-12-15,Камчатский край,Паратунка,Отели,,,База отдыха Вилла Позитив,"Елизова 3 Дуплекс, Паратунка 683000 Россия",52.945847,158.26561
6396263,2020-12-15,Камчатский край,Паратунка,Отели,,,"База отдыха ""Солнечная""","25 км, 11, Паратунка 684034 Россия",53.06465,158.63315
305143,2020-12-15,Камчатский край,Петропавловск-Камчатский,Отели,,,Гостиница Авача (Best Eastern),"Ленинградская улица, д. 61, Петропавловск-Камчатский 683000 Россия",53.037373,158.6561
19545210,2020-12-15,Камчатский край,Паратунка,Отели,,,Тайны Камчатки,"Елизова 6, Паратунка 684034 Россия",52.96394,158.25388
2697720,2020-12-15,Камчатский край,Петропавловск-Камчатский,Отели,,,Петропавловск,"Карла Маркса проспект, д. 31А, Петропавловск-Камчатский 683031 Россия",53.06692,158.62622
6536949,2020-12-15,Камчатский край,Петропавловск-Камчатский,Отели,,,"Мини-отель ""Начальник Камчатки""","ул. Ленинградская, д.14а, Петропавловск-Камчатский 683000 Россия",53.031338,158.63799
13484599,2020-12-15,Камчатский край,озеро Микижа,Отели,,,Лагуна,"ул. Невельского, 6, озеро Микижа 684000 Россия",52.9986,158.22609
8402648,2020-12-15,Камчатский край,Петропавловск-Камчатский,Рестораны,,,Планета Блинная,"Лукашевского, 5, Петропавловск-Камчатский 683024 Россия",53.06059,158.63647
8402649,2020-12-15,Камчатский край,Петропавловск-Камчатский,Рестораны,,,Планета-Пицца,"Лукашевского, 5, Петропавловск-Камчатский 683024 Россия",53.05909,158.6325
8426411,2020-12-15,Камчатский край,Петропавловск-Камчатский,Рестораны,,,Арзу,"50 лет Октября проспект, д. 14/2, Петропавловск-Камчатский Россия",53.05168,158.64377
8402723,2020-12-15,Камчатский край,Петропавловск-Камчатский,Рестораны,,Кафе,Узбекская Кухня,"Тушканова, 3, Петропавловск-Камчатский 683031 Россия",53.06267,158.62863
8402622,2020-12-15,Камчатский край,Петропавловск-Камчатский,Рестораны,,Кафе,Милк Кафе,"Победы проспект, 67/2, Петропавловск-Камчатский Россия",53.06957,158.61427
15037989,2020-12-15,Камчатский край,Петропавловск-Камчатский,Рестораны,,,Pastrami Kamchatka,"Карла Маркса проспект, 23 АТОМ Бизнес-центр, Петропавловск-Камчатский 683031 Россия",53.06649,158.63832
6351430,2020-12-15,Камчатский край,Петропавловск-Камчатский,Рестораны,,,МаккамБургер,"ул. Ленинградская, 74, Петропавловск-Камчатский Россия",53.031654,158.6385
6407367,2020-12-15,Камчатский край,Петропавловск-Камчатский,Рестораны,,,Бульвар,"Победы проспект, 67 здание Шамсы, Петропавловск-Камчатский 683902 Россия",53.07079,158.58783
8402533,2020-12-15,Камчатский край,Петропавловск-Камчатский,Рестораны,,,Синнабон,"Победы проспект, 67, Петропавловск-Камчатский Россия",53.071503,158.58784
7602618,2020-12-15,Камчатский край,Петропавловск-Камчатский,Рестораны,,,Апельсин,"ул. Пограничная, д. 13 1 этаж; центр Вега, Петропавловск-Камчатский Россия",53.03693,158.65875
7187371,2020-12-15,Камчатский край,Елизово,Рестораны,,,Фишери,"ул. Виталия Кручины, д. 3, Елизово Россия",53.189987,158.38791
8439489,2020-12-15,Камчатский край,Петропавловск-Камчатский,Рестораны,,,Макс-Пицца,"ул. Лукашевского, д. 2/1, Петропавловск-Камчатский Россия",53.05904,158.63248
8402607,2020-12-15,Камчатский край,Петропавловск-Камчатский,Рестораны,,,Квартал,"Лукашевского, 9, Петропавловск-Камчатский 683024 Россия",53.06059,158.63647
17539787,2020-12-15,Камчатский край,Петропавловск-Камчатский,Рестораны,,,Gotcha Comfort Food&Drink,"Топоркова,  9/10, Петропавловск-Камчатский 683031 Россия",53.06203,158.61829
5599899,2020-12-15,Камчатский край,Елизово,Рестораны,,Бар,Старый Замок,"ул. Завойко, д. 123, Елизово 684007 Россия",53.188522,158.38246
6438159,2020-12-15,Камчатский край,Петропавловск-Камчатский,Рестораны,,,Петровский,"ул. Ленинградская, д. 27, Петропавловск-Камчатский Россия",53.031654,158.6385
8402549,2020-12-15,Камчатский край,Петропавловск-Камчатский,Рестораны,,,Экоlife,"Космический проезд, 3а, Петропавловск-Камчатский Россия",53.05677,158.66588
8281805,2020-12-15,Камчатский край,Петропавловск-Камчатский,Рестораны,,,Алхимик,"ул. Пограничная, д. 1/1 3 этаж; ТЦ Галант-Plaza, Петропавловск-Камчатский 683032 Россия",53.036842,158.65996
17325824,2020-12-15,Камчатский край,Петропавловск-Камчатский,Рестораны,,Бар,Gate 917,"Тушканова, 3, Петропавловск-Камчатский 683031 Россия",53.05944,158.63164
13088062,2020-12-15,Камчатский край,Петропавловск-Камчатский,Рестораны,,,Кэлылан,"Улица Тельмна, 42/1, Петропавловск-Камчатский Россия",53.05078,158.63905
5508925,2020-12-15,Камчатский край,Елизово,Рестораны,,Паб,Экселленс,"ул. Ленина, д. 5а, Елизово Россия",53.18417,158.38885
13167899,2020-12-15,Камчатский край,Петропавловск-Камчатский,Рестораны,,Бар,Butcher,"проспект 50-летия Октября 10А, Петропавловск-Камчатский 683024 Россия",53.05364,158.63982
8365837,2020-12-15,Камчатский край,Елизово,Рестораны,,,Озеро,"Садовое кольцо, д. 1, Елизово Россия",53.208504,158.41028
12708681,2020-12-15,Камчатский край,Петропавловск-Камчатский,Рестораны,,,КАМЧАТКА Local Kitchen,"ул. Академика Королева, 65, Петропавловск-Камчатский 683009 Россия",53.05633,158.65022
4224274,2020-12-15,Камчатский край,Петропавловск-Камчатский,Рестораны,,,Суши бар Киото,"Ленинская ул., д. 32, Петропавловск-Камчатский 683000 Россия",53.01478,158.64969
4028509,2020-12-15,Камчатский край,Петропавловск-Камчатский,Рестораны,,,Сан Марино,"Карла Маркса проспект, д. 29/1, Петропавловск-Камчатский 683002 Россия",53.06547,158.62688
7698396,2020-12-15,Камчатский край,Петропавловск-Камчатский,Рестораны,,Бар,Harat's pub (Хэрат'с Паб),"ул. Пограничная, 17, Петропавловск-Камчатский Россия",53.036285,158.66478
7647375,2020-12-15,Камчатский край,Петропавловск-Камчатский,Рестораны,,Фастфуд,Бистро,"ул. Ленинская, д. 62, Петропавловск-Камчатский Россия",53.02252,158.64685
6589707,2020-12-15,Камчатский край,Петропавловск-Камчатский,Рестораны,,,Да Винчи,"50 лет Октября проспект, д. 16/1, Петропавловск-Камчатский Россия",53.05696,158.63452
6375835,2020-12-15,Камчатский край,Петропавловск-Камчатский,Рестораны,,,Korea House,"ул. Ленинская, д. 26, Петропавловск-Камчатский Россия",53.013435,158.65022
6401058,2020-12-15,Камчатский край,Раздольный,Достопримечательности,Природа и парки,Горячие источники и гейзеры,Лечебно-оздоровительный комплекс «Зеленовские озерки»,"ул. Таежная, 2 Елизовский район, Раздольный 684020 Россия",53.28766,158.34877
11876335,2020-12-15,Камчатский край,Петропавловск-Камчатский,Достопримечательности,Достопримечательности и культурные объекты,"Культурные объекты и достопримечательности,Геологические образования",Скалы Три Брата,"Авачинская бухта, Петропавловск-Камчатский Россия",52.89306,158.68903
2590268,2020-12-15,Камчатский край,Петропавловск-Камчатский,Достопримечательности,Музеи,Специализированные музеи,Камчатский Областной Краеведческий Музей,"Ленинская улица, д. 20, Петропавловск-Камчатский 683000 Россия",53.012012,158.6517
17185903,2020-12-15,Камчатский край,Камчатский край,Достопримечательности,Природа и парки,Природные и заповедные зоны,Северо-Западное лежбище морского котика,мыс Северо-Западный Bering Island Россия,53.07523,158.63899
8535625,2020-12-15,Камчатский край,Елизово,Достопримечательности,Достопримечательности и культурные объекты,"Памятники и статуи,Культурные объекты и достопримечательности",Памятник Здесь начинается Россия,"В 10 минутах езды от аэропорта, Елизово Россия",53.18826,158.42546
7708922,2020-12-15,Камчатский край,Камчатский край,Достопримечательности,Природа и парки,"Водоемы,Вулканы,Национальные парки",Курильское озеро,Южная часть  Камчатского полуострова Россия,53.06542,158.62749
12956872,2020-12-15,Камчатский край,Петропавловск-Камчатский,Достопримечательности,Музеи,Музеи естествознания,Вулканариум,"ул. Ключевская, 34, Петропавловск-Камчатский Россия",53.03306,158.63724
6396344,2020-12-15,Камчатский край,Камчатский край,Достопримечательности,Природа и парки,Вулканы,Авачинский вулкан,40 км. от г. П-Камчатского Россия,53.255753,158.83348
670612,2020-12-15,Камчатский край,Камчатский край,Достопримечательности,Природа и парки,Горячие источники и гейзеры,Долина гейзеров,Кроноцкий заповедник Россия,54.431,160.139
6483374,2020-12-15,Камчатский край,Паратунка,Достопримечательности,Природа и парки,Горячие источники и гейзеры,Паратунские термальные источники,Паратунка Россия,52.95962,158.26233
6503277,2020-12-15,Камчатский край,Петропавловск-Камчатский,Достопримечательности,Природа и парки,Водоемы,Авачинская Бухта,Петропавловск-Камчатский Россия,53.091103,158.72408
6401100,2020-12-15,Камчатский край,Петропавловск-Камчатский,Достопримечательности,Достопримечательности и культурные объекты,"Культурные объекты и достопримечательности,Пляжи",Халактырский пляж,Петропавловск-Камчатский Россия,52.994083,158.85591
300053,2020-12-15,Камчатский край,Камчатский край,Достопримечательности,Достопримечательности и культурные объекты,"Природные и заповедные зоны,Культурные объекты и достопримечательности",Полуостров Камчатка,Россия,52.95209,158.64388
