с10_date,с1_region,с2_city,с3_category,с4_subcategory,с5_tags,с6_name,с7_adress,с8_latitude,с9_longitude
2020-10-22,Новгородская область,Великий Новгород,Достопримечательности,Достопримечательности и культурные объекты,Исторические места для прогулок,Новгородский кремль (детинец),"Софийская сторона, Великий Новгород Россия",58.52076,31.27736
2020-10-22,Новгородская область,Великий Новгород,Отели,,,Park Inn by Radisson,"Студенческая улица, д. 2, Великий Новгород 173014 Россия",58.53665,31.29189
2020-10-22,Новгородская область,Старая Русса,Достопримечательности,Музеи,"Специализированные музеи,Исторические музеи,Военные музеи",Музей Северо-Западного фронта,"ул. Володарского, 23, Старая Русса Россия",57.99272,31.363125
2020-10-22,Новгородская область,Великий Новгород,Достопримечательности,Ресурсы для путешественников,Туристические центры,Туристский информационный центр Красная Изба,"Сенная пл., 5, Великий Новгород 173007 Россия",58.520397,31.269754
2020-10-22,Новгородская область,Великий Новгород,Достопримечательности,Достопримечательности и культурные объекты,"Культурные объекты и достопримечательности,Памятники и статуи",Памятник Сергею Рахманинову,"Кремлёвский парк, Великий Новгород Россия",58.524334,31.272139
2020-10-22,Новгородская область,Великий Новгород,Достопримечательности,Достопримечательности и культурные объекты,Архитектурные достопримечательности,Знаменский собор,"ул. Ильина, Великий Новгород 173000 Россия",58.51552,31.25947
2020-10-22,Новгородская область,Великий Новгород,Достопримечательности,Природа и парки,Парки,Кремлевский парк,"Мерецкова-Волосова, 4, Великий Новгород 173007 Россия",58.521385,31.269314
2020-10-22,Новгородская область,Новгородская область,Достопримечательности,Достопримечательности и культурные объекты,Церкви и соборы,Свято-Духов монастырь,"ул. Александра Невского, 6, Боровичи Россия",58.39238,33.895287
2020-10-22,Новгородская область,Великий Новгород,Достопримечательности,Музеи,Специализированные музеи,Музей Изобразительных искусств,"Победы-Софийская площадь, 2, Великий Новгород 173007 Россия",58.521965,31.269768
2020-10-22,Новгородская область,Валдай,Достопримечательности,Музеи,Специализированные музеи,Музей колоколов,"ул. Труда, 2A, Валдай 175400 Россия",57.974846,33.254814
2020-10-22,Новгородская область,Великий Новгород,Достопримечательности,Достопримечательности и культурные объекты,"Исторические музеи,Церкви и соборы",Церковь Параскевы Пятницы на Торгу,"Большая Московская, 5а/2, Великий Новгород 173000 Россия",58.51617,31.28572
2020-10-22,Новгородская область,д. Хутынь,Достопримечательности,Достопримечательности и культурные объекты,Культурные объекты и достопримечательности,Варлаамо-Хутынский женский монастырь,"ул. Монастырская, д. 60, д. Хутынь 173011 Россия",58.57855,31.39145
2020-10-22,Новгородская область,Великий Новгород,Достопримечательности,Музеи,Специализированные музеи,Новгородский государственный объединенный музей-заповедник,"Кремль территория, 4, Великий Новгород 173007 Россия",58.52013,31.27445
2020-10-22,Новгородская область,Новгородская область,Достопримечательности,Развлечения и игры,Спортивные комплексы,"Спортивный Комплекс ""Олимп""","Спасская площадь, Боровичи Россия",58.38579,33.90013
2020-10-22,Новгородская область,Великий Новгород,Рестораны,,"Кафе,Фастфуд",Колобок,"ул. Большая Московская, д. 28, Великий Новгород 173000 Россия",58.519962,31.288021
2020-10-22,Новгородская область,Великий Новгород,Рестораны,,,Диез,"Фёдоровский ручей, 2/13, Великий Новгород 173004 Россия",58.52378,31.285433
2020-10-22,Новгородская область,Великий Новгород,Рестораны,,Бар,Хурма,"ул. Великая, 16, Великий Новгород Россия",58.530907,31.281057
2020-10-22,Новгородская область,Великий Новгород,Рестораны,,Бар,Чародейка,"Мерецкова-Волосова,  1/1, Великий Новгород 173007 Россия",58.522186,31.268982
2020-10-22,Новгородская область,Великий Новгород,Рестораны,,,Клюква,"Попова,  4/1, Великий Новгород 173025 Россия",58.531532,31.23833
2020-10-22,Новгородская область,Старая Русса,Рестораны,,Бар,"кафе ""Башня""","ул. Гостинодворская, 2, Старая Русса 175202 Россия",57.990707,31.354809
2020-10-22,Новгородская область,Великий Новгород,Рестораны,,Бар,"Паб Стейк Хаус ""Oлдхэм""","ул. Большая Московская, д. 55, Великий Новгород 173023 Россия",58.539185,31.300896
2020-10-22,Новгородская область,Валдай,Рестораны,,,Подворье,"Выскодно 1 ул.,, Валдай Россия",57.956802,33.254616
2020-10-22,Новгородская область,Великий Новгород,Рестораны,,,Семейное кафе Гурметто,"Ломоносова 37, Великий Новгород 173023 Россия",58.54319,31.24386
2020-10-22,Новгородская область,Великий Новгород,Рестораны,,Кафе,Кафе Остров Черепах,"ул. Мерецкова-Волосова, 6, Великий Новгород 173007 Россия",58.518517,31.271564
2020-10-22,Новгородская область,Валдай,Рестораны,,,"Рыбный Ресторан ""Клевое Место""","396 км. от Москвы по трассе м10/e105. Поворт направо по указателю ""Долгие Бороды"". Ориентир - пост ГАИ, на ~8 километре поворот направо по указателю «Клёвое Место», Валдай 175400 Россия",58.035717,33.25659
2020-10-22,Новгородская область,Великий Новгород,Рестораны,,,Усадьба,"ул. Фёдоровский ручей, д. 6, Великий Новгород 173004 Россия",58.5229,31.28512
2020-10-22,Новгородская область,Великий Новгород,Рестораны,,,Васаби,"ул. Большая Санкт-Петербургская, д. 23, Великий Новгород 173003 Россия",58.531746,31.269108
2020-10-22,Новгородская область,Великий Новгород,Рестораны,,,Державный,"ул. Газон, д. 5/2, Великий Новгород 173000 Россия",58.524773,31.272104
2020-10-22,Новгородская область,Боровичский район,Рестораны,,,Олимп,"Спасская площадь, 4, Боровичи 174411 Россия",58.38585,33.89966
2020-10-22,Новгородская область,Великий Новгород,Рестораны,,,Галерея,"Студенческая ул., 2, Великий Новгород 173014 Россия",58.53638,31.29192
2020-10-22,Новгородская область,Великий Новгород,Рестораны,,,Барашки,"Попова, 2/22, Великий Новгород 173000 Россия",58.53172,31.240257
2020-10-22,Новгородская область,Боровичский район,Рестораны,,,Любимая Чашка,"ул.Подбельского, 6, Боровичи 174411 Россия",58.39107,33.91287
2020-10-22,Новгородская область,Великий Новгород,Рестораны,,,Ресторанный комплекс MAY,"ул. Троицкая, д.3, Великий Новгород 173007 Россия",58.51638,31.273941
2020-10-22,Новгородская область,Великий Новгород,Рестораны,,,Скатерть-Самобранка,"ул. Большая Санкт-Петербургская, 95\1, Великий Новгород 173000 Россия",58.559475,31.273691
2020-10-22,Новгородская область,Великий Новгород,Рестораны,,,ВГости,"Большая Московская улица, 126, Великий Новгород 173020 Россия",58.549824,31.310352
2020-10-22,Новгородская область,Великий Новгород,Рестораны,,,Золотой ковш,"Новолучанская, 14, Великий Новгород 173001 Россия",58.52508,31.27169
2020-10-22,Новгородская область,Великий Новгород,Рестораны,,,Додо пицца,"ул. Чудинцева, 11/62, Великий Новгород 173007 Россия",58.52344,31.26274
2020-10-22,Новгородская область,Великий Новгород,Рестораны,,Кафе,Акрон,"Предтеченская, 24, Великий Новгород 173007 Россия",58.52711,31.27083
2020-10-22,Новгородская область,Великий Новгород,Рестораны,,,На Старом Рынке,"Михайлова, 3, Великий Новгород 173000 Россия",58.515377,31.285954
2020-10-22,Новгородская область,Старая Русса,Рестораны,,Кафе,Полисть,"ул.Энгельса, д.20, Старая Русса Россия",57.99125,31.361082
2020-10-22,Новгородская область,Зайцево,Рестораны,,,Зайцева гора,"ул. Центральная, 139, Зайцево 175453 Россия",58.36844,32.0666
2020-10-22,Новгородская область,Великий Новгород,Рестораны,,Кафе,Борщи,"Большая Санкт-Петербургская, 5/1, Великий Новгород 173001 Россия",58.52589,31.27429
2020-10-22,Новгородская область,Великий Новгород,Рестораны,,,My Kitchen,"ул. Большая Московская, 52/9, Великий Новгород 173000 Россия",58.52569,31.292025
2020-10-22,Новгородская область,Старая Русса,Рестораны,,Кафе,SOVA,"Тимура Фрунзе,  д.4а, Старая Русса 175204 Россия",57.99161,31.359343
2020-10-22,Новгородская область,Великий Новгород,Рестораны,,,Скорофуд  Еда&Мьюзик БугиВуги,"Кочетова 1А, Великий Новгород Россия",58.546425,31.23075
2020-10-22,Новгородская область,Боровичский район,Рестораны,,,Пельменная,"ул. Подбельского, 13, Боровичи Россия",58.39063,33.91183
2020-10-22,Новгородская область,Великий Новгород,Рестораны,,,"Пицерия ""Джойя""","ул. Великая, д. 11/10 изменение  сайта, Великий Новгород 173001 Россия",58.52632,31.2806
2020-10-22,Новгородская область,Великий Новгород,Рестораны,,"Бар,Паб",Милена,"Великая, 3, Великий Новгород 173001 Россия",58.52632,31.2806
2020-10-22,Новгородская область,Великий Новгород,Рестораны,,,Веснянка,"Большая Санкт-Петербургская, 9, Великий Новгород 173001 Россия",58.52589,31.27429
2020-10-22,Новгородская область,Великий Новгород,Рестораны,,,На Солнце,"Студенческая, 2, Великий Новгород 173014 Россия",58.53655,31.29171
2020-10-22,Новгородская область,Великий Новгород,Рестораны,,,Столовка,"Набережная реки Гзень, 5, Великий Новгород 173003 Россия",58.53342,31.2695
2020-10-22,Новгородская область,Великий Новгород,Рестораны,,,Terraza,"ул. Великая, д. 14а, Великий Новгород 173001 Россия",58.529453,31.284264
2020-10-22,Новгородская область,Великий Новгород,Рестораны,,,"Акрополь ""ГИРОС""","ул. Большая Санкт-Петербургская, 26, Великий Новгород 173003 Россия",58.52589,31.27429
2020-10-22,Новгородская область,Великий Новгород,Рестораны,,,ПерSона,"улица Батецкая, 22, Великий Новгород 173015 Россия",58.51422,31.250275
2020-10-22,Новгородская область,Долгий Мост,Рестораны,,,Cafe Voyage,"M-10, Moscow - Saint Petersburg Hwy., 451 km, Долгий Мост 606860 Россия",58.27994,32.447388
2020-10-22,Новгородская область,Великий Новгород,Рестораны,,,Турецкий DonaR,"Большая Московская, 25, Великий Новгород 173004 Россия",58.51617,31.28572
2020-10-22,Новгородская область,Великий Новгород,Рестораны,,Фастфуд,Бавария,"Большая Санкт-Петербургская, 21, Великий Новгород 173001 Россия",58.52589,31.27429
2020-10-22,Новгородская область,Великий Новгород,Рестораны,,"Бар,Паб",Лофт бар «ДОМ БЫТА»,"Набережная реки Гзень, 5, Великий Новгород 173003 Россия",58.537083,31.271221
2020-10-22,Новгородская область,Великий Новгород,Рестораны,,,Bar XXX,"Александра Корсунова проспект, 14a, Великий Новгород 173000 Россия",58.545563,31.245146
2020-10-22,Новгородская область,Боровичский район,Рестораны,,,Летний сад,"Проезд Гагарина, 4, Боровичи 174411 Россия",58.38763,33.90541
2020-10-22,Новгородская область,Великий Новгород,Рестораны,,,Шкипер,"Студенческая, 2а, Великий Новгород 173020 Россия",58.53638,31.29192
2020-10-22,Новгородская область,Великий Новгород,Рестораны,,,Кафе на Великой,"ул. Великая, д. 23, Великий Новгород Россия",58.53879,31.27152
2020-10-22,Новгородская область,Великий Новгород,Рестораны,,,"Кафе ""ПАПОРОТНИК""","Нехинская, 8, Великий Новгород 173021 Россия",58.524178,31.241968
2020-10-22,Новгородская область,Великий Новгород,Рестораны,,,Ресторан Русская Душа,"наб. Александра Невского, 22/1, Великий Новгород 173000 Россия",58.520763,31.282722
2020-10-22,Новгородская область,Великий Новгород,Рестораны,,,Арго,"Набережная Александра Невского, 28, Великий Новгород 173004 Россия",58.5236,31.28569
2020-10-22,Новгородская область,Валдай,Рестораны,,,Флагман,"Советский Проспект, 27, Валдай 175400 Россия",57.97353,33.25793
2020-10-22,Новгородская область,Великий Новгород,Рестораны,,,Чайная Ложка,"Великая, 22а, Великий Новгород 173003 Россия",58.52632,31.2806
2020-10-22,Новгородская область,Старая Русса,Рестораны,,,Кулинария,"ул. Минеральная, 45А, Старая Русса 175202 Россия",57.99739,31.3616
2020-10-22,Новгородская область,Валдай,Рестораны,,Кафе,Кафе Горянка,"ул. Луначарского, 5б, Валдай 175400 Россия",57.97789,33.25737
2020-10-22,Новгородская область,Великий Новгород,Рестораны,,Паб,Камелот,"ул. Кочетова, д. 10, Великий Новгород 173024 Россия",58.54205,31.22419
2020-10-22,Новгородская область,Валдай,Рестораны,,,Урарту,"ул. Октябрьская, 2, Валдай 175400 Россия",57.978428,33.253662
2020-10-22,Новгородская область,Великий Новгород,Рестораны,,Кафе,Кофемолка,"Октябрьская 1/1 неверно указан на карте города, Великий Новгород 173000 Россия",58.514973,31.235443
2020-10-22,Новгородская область,Великий Новгород,Рестораны,,,Кафе-Бар Beavers,"ул. Мерецкова-Волосова,  1/1, Великий Новгород 173007 Россия",58.521965,31.268806
2020-10-22,Новгородская область,Боровичский район,Рестораны,,,EatWellCafe,"Коммунарная, 63, Боровичи 174411 Россия",58.39158,33.908146
2020-10-22,Новгородская область,Великий Новгород,Рестораны,,,Золотая Подкова,"Парковая, 5 к1, Великий Новгород 173014 Россия",58.53858,31.29297
2020-10-22,Новгородская область,Боровичский район,Рестораны,,,Рестобар ЮлА,"Дзержинского, 8, Боровичи 174411 Россия",58.390163,33.90784
2020-10-22,Новгородская область,Великий Новгород,Рестораны,,,На Причале,"Софийская Набережная, 3, Великий Новгород 173007 Россия",58.52181,31.26978
2020-10-22,Новгородская область,Великий Новгород,Рестораны,,Фастфуд,Макдоналдс,"Большая Санкт-Петербургская, 61, Великий Новгород 173003 Россия",58.52589,31.27429
2020-10-22,Новгородская область,Великий Новгород,Рестораны,,,Доминион,"Октябрьская, 10а, Великий Новгород 173015 Россия",58.517593,31.246136
2020-10-22,Новгородская область,Великий Новгород,Рестораны,,Фастфуд,KFC,"Мира проспект, 33/1, Великий Новгород 173021 Россия",58.530792,31.232449
2020-10-22,Новгородская область,п. Любытино,Рестораны,,,Любытино-Хутор,п. Любытино Россия,58.796036,33.38509
2020-10-22,Новгородская область,Великий Новгород,Рестораны,,,КофеМолка,"ул.  Большая Санкт-Петербургская, 39к, Великий Новгород 173003 Россия",58.538143,31.264107
2020-10-22,Новгородская область,Великий Новгород,Рестораны,,,Кофейня Монокль,"Большая Санкт-Петербургская, д. 1/7, Великий Новгород 173000 Россия",58.52572,31.273806
2020-10-22,Новгородская область,Великий Новгород,Рестораны,,Бар,Кафе Jazz & Blues,"ул. Большая Московская, 14, Великий Новгород Россия",58.518143,31.286741
2020-10-22,Новгородская область,Великий Новгород,Рестораны,,Фастфуд,Екатерининская горка,"Софийская Набережная, 1а, Великий Новгород 173007 Россия",58.52181,31.26978
2020-10-22,Новгородская область,Великий Новгород,Рестораны,,,Крафти Пицца,"Народная, 8а, Великий Новгород 173014 Россия",58.52735,31.30128
2020-10-22,Новгородская область,Великий Новгород,Рестораны,,Фастфуд,Марвел,"ул. Речная, 8, Великий Новгород 173009 Россия",58.49733,31.21233
2020-10-22,Новгородская область,Великий Новгород,Рестораны,,,Альянс,"Попова, 10, Великий Новгород 173025 Россия",58.53177,31.23413
2020-10-22,Новгородская область,Великий Новгород,Рестораны,,,Ладья,"ул. Антоново, д. 3/1, Великий Новгород 173014 Россия",58.53633,31.29226
2020-10-22,Новгородская область,Чудово,Рестораны,,,Бургер-Кинг,"581-й км автодороги Москва - Санкт-Петербург, Чудово 174210 Россия",59.123055,31.63824
2020-10-22,Новгородская область,Великий Новгород,Рестораны,,,Полюс,"Большая Санкт-Петербургская, 62, Великий Новгород 173003 Россия",58.52589,31.27429
2020-10-22,Новгородская область,Великий Новгород,Рестораны,,,Тысяча и одна ночь,"Большая Санкт-Петербургская, 42, Великий Новгород 173003 Россия",58.52589,31.27429
2020-10-22,Новгородская область,Великий Новгород,Рестораны,,,Буги Вуги,"Кочетова 1А, Великий Новгород 173000 Россия",58.54641,31.230764
2020-10-22,Новгородская область,Валдай,Рестораны,,Кафе,Лукоморье,"ул. Ломоносова, 70, Валдай 175400 Россия",57.98656,33.2556
2020-10-22,Новгородская область,Бор,Рестораны,,,Coffee Like,"улица Ленина, 113Б, Бор 606440 Россия",56.359158,44.052254
2020-10-22,Новгородская область,Великий Новгород,Рестораны,,,Столовая,"Прусская, 24, Великий Новгород 173015 Россия",58.52007,31.26814
2020-10-22,Новгородская область,Великий Новгород,Рестораны,,,Счастливая Пекарня,"Большая Московская, 35/10, Великий Новгород 173000 Россия",58.52834,31.293465
2020-10-22,Новгородская область,Великий Новгород,Рестораны,,,Матрешка,"ул. Большая Санкт-Петербургская, д. 102, Великий Новгород 173008 Россия",58.52589,31.27429
2020-10-22,Новгородская область,Великий Новгород,Рестораны,,,Кураж,"Щусева, 12 корп. 1, Великий Новгород 173008 Россия",58.5652,31.2816
2020-10-22,Новгородская область,Великий Новгород,Рестораны,,"Бар,Паб",А.З.С.,"Нехинская, 32, Великий Новгород 173021 Россия",58.52273,31.24465
2020-10-22,Новгородская область,Пестово,Рестораны,,,Суши Фуд,"Устюженское шоссе, д. 2, Пестово 174511 Россия",58.6009,35.82284
2020-10-22,Новгородская область,Nemchinova Gora,Рестораны,,,2СВ2,"М10, Nemchinova Gora 175431 Россия",58.010586,33.090454
2020-10-22,Новгородская область,Боровичский район,Рестораны,,,КофеМолка,"Алексея Кузнецова, 64а, Боровичи 174411 Россия",58.38898,33.91844
2020-10-22,Новгородская область,Боровичский район,Рестораны,,,Счастливая Пекарня,"Подбельского, 3б, Боровичи 174411 Россия",58.39038,33.910652
2020-10-22,Новгородская область,Боровичский район,Рестораны,,,Giza,"Sushanskaya, 6b, Боровичи 174403 Россия",58.3925,33.906647
2020-10-22,Новгородская область,Малая Вишера,Рестораны,,,Кафе БургерФорт,"49К-13, Малая Вишера Россия",58.843407,32.22584
2020-10-22,Новгородская область,Боровичский район,Рестораны,,,Кафе Ледового дворца Металлург,"Ленинградская, 76, Боровичи 174411 Россия",58.389473,33.891006
2020-10-22,Новгородская область,Валдай,Рестораны,,,Суши Фуд,"пр. Комсомольский, 61, Валдай 175400 Россия",57.97484,33.25477
2020-10-22,Новгородская область,Великий Новгород,Рестораны,,,Arigato,"Большая Московская, 20, Великий Новгород 173000 Россия",58.51617,31.28572
2020-10-22,Новгородская область,Великий Новгород,Рестораны,,,Диалог,"ул. Большая Московская, 37, Великий Новгород 173004 Россия",58.51617,31.28572
2020-10-22,Новгородская область,Великий Новгород,Рестораны,,"Бар,Паб",Погребок Флинта,"Речная, 1, Великий Новгород 173009 Россия",58.50747,31.236792
2020-10-22,Новгородская область,Великий Новгород,Рестораны,,,Yambox,"Колмовская наб., д.3, Великий Новгород 173003 Россия",58.54209,31.27762
2020-10-22,Новгородская область,Великий Новгород,Рестораны,,,Центр Суши,"ул. Кочетова, 20 ГМ Магнит, Великий Новгород 173025 Россия",58.53619,31.220407
2020-10-22,Новгородская область,Великий Новгород,Рестораны,,,Ворлд Бир,"Завокзальная, 7, Великий Новгород 173015 Россия",58.52476,31.24501
2020-10-22,Новгородская область,Великий Новгород,Рестораны,,,Пив & Ко,"Большая Московская, 84, Великий Новгород 173020 Россия",58.51617,31.28572
2020-10-22,Новгородская область,Великий Новгород,Рестораны,,,Бадемус,"Студенческая, 2, Великий Новгород 173020 Россия",58.53638,31.29192
2020-10-22,Новгородская область,Великий Новгород,Рестораны,,,Закусочная,"Набережная реки Гзень, 2а, Великий Новгород 173003 Россия",58.53342,31.2695
2020-10-22,Новгородская область,Великий Новгород,Рестораны,,,Идеал,"Псковская, 48, Великий Новгород 173009 Россия",58.52391,31.25871
2020-10-22,Новгородская область,Великий Новгород,Рестораны,,Паб,Бир Хауз,"Большая Московская, 112, Великий Новгород 173020 Россия",58.51617,31.28572
2020-10-22,Новгородская область,Великий Новгород,Рестораны,,,Кофемолка,"ул.Псковская 11, Великий Новгород Россия",58.52391,31.25871
2020-10-22,Новгородская область,Великий Новгород,Рестораны,,,На Объездной,"ул. Индустриальная, д. 11, Великий Новгород 173526 Россия",58.493496,31.20344
2020-10-22,Новгородская область,Великий Новгород,Рестораны,,"Бар,Паб",Фортуна,"Юннатов пер, 1, Великий Новгород 173015 Россия",58.51986,31.258
2020-10-22,Новгородская область,Великий Новгород,Рестораны,,Кафе,Корица,"Луговая 7, Великий Новгород Россия",58.50643,31.23393
2020-10-22,Новгородская область,Великий Новгород,Рестораны,,,Вкусняшки,"ул. Розважа, 13, Великий Новгород Россия",58.52624,31.27501
2020-10-22,Новгородская область,Великий Новгород,Рестораны,,,Палуба,"ул. Школьная, 6, Великий Новгород 174210 Россия",58.56812,31.31429
2020-10-22,Новгородская область,Великий Новгород,Рестораны,,,Сушишоп,"Мира, 21, Великий Новгород Россия",58.54552,31.23465
2020-10-22,Новгородская область,Великий Новгород,Рестораны,,,Мечта,"ул. Октябрьская, 2, Великий Новгород 173526 Россия",58.515263,31.238043
2020-10-22,Новгородская область,Великий Новгород,Рестораны,,,Сушишоп,"Большая московская, 112, Великий Новгород 173020 Россия",58.51617,31.28572
2020-10-22,Новгородская область,Великий Новгород,Рестораны,,,Закусочная,"Большая Санкт-Петербургская, 32, Великий Новгород 173003 Россия",58.52589,31.27429
2020-10-22,Новгородская область,Великий Новгород,Рестораны,,,Антоново,"Парковая, 5/1, Великий Новгород 173020 Россия",58.53787,31.29243
2020-10-22,Новгородская область,Великий Новгород,Рестораны,,,"Спорт Бар ""Пивная Лига""","Большая Санкт-Петербургская 43а, Великий Новгород 173001 Россия",58.54339,31.2601
2020-10-22,Новгородская область,Великий Новгород,Рестораны,,,РестоДискоБар REX,"Ул. Московская, 55, Великий Новгород 173000 Россия",58.51617,31.28572
2020-10-22,Новгородская область,Великий Новгород,Рестораны,,Кафе,Пончики,"444 км а/д М10 ""Россия"", Великий Новгород 175462 Россия",58.57658,31.28855
2020-10-22,Новгородская область,Великий Новгород,Рестораны,,,Трюфель,"Набережная Александра  Невского 28, Великий Новгород 173004 Россия",58.52965,31.270191
2020-10-22,Новгородская область,Великий Новгород,Рестораны,,,ТРИ СОУСА,"Большая Санкт-Петербургская, 33, Великий Новгород 173003 Россия",58.52589,31.27429
2020-10-22,Новгородская область,Великий Новгород,Рестораны,,,1000 и одна ночь,"Александра Корсунова проспект, 32а, Великий Новгород 173024 Россия",58.54337,31.2509
2020-10-22,Новгородская область,Великий Новгород,Рестораны,,Фастфуд,Встреча,"Большая Санкт-Петербургская, 21, Великий Новгород 173001 Россия",58.52589,31.27429
2020-10-22,Новгородская область,Великий Новгород,Рестораны,,Фастфуд,Адепт,"Мира проспект, 4, Великий Новгород 173024 Россия",58.54552,31.23465
2020-10-22,Новгородская область,Великий Новгород,Рестораны,,,Жара,"Большая Московская, 41, Великий Новгород 173020 Россия",58.51617,31.28572
2020-10-22,Новгородская область,Великий Новгород,Рестораны,,,Зелёный огонёк,"Студенческая, 31, Великий Новгород 173020 Россия",58.53638,31.29192
2020-10-22,Новгородская область,Великий Новгород,Рестораны,,,Кабриолет,"Большая Санкт-Петербургская, 41 к7, Великий Новгород 173003 Россия",58.54026,31.26045
2020-10-22,Новгородская область,Великий Новгород,Рестораны,,,Лагуна,"Кочетова, 6 к3, Великий Новгород 173024 Россия",58.546227,31.22991
2020-10-22,Новгородская область,Великий Новгород,Рестораны,,,Оазис,"Рабочая, 25а, Великий Новгород 173008 Россия",58.55552,31.26207
2020-10-22,Новгородская область,Великий Новгород,Рестораны,,,Подкова,"Нехинская, 24 к1, Великий Новгород 173021 Россия",58.52304,31.24655
2020-10-22,Новгородская область,Окуловка,Рестораны,,,Суши Фуд,"Больничный пер., 1, Окуловка 174353 Россия",58.37529,33.29618
2020-10-22,Новгородская область,Старая Русса,Рестораны,,,Аура,"ул. Поперечная, 34, Старая Русса 175202 Россия",58.00365,31.36322
2020-10-22,Новгородская область,Старая Русса,Рестораны,,,Рушане,"Кириллова д.14, Старая Русса 175202 Россия",57.99144,31.355558
2020-10-22,Новгородская область,Великий Новгород,Рестораны,,Фастфуд,Павлин,"Свободы, 7а, Великий Новгород 173023 Россия",58.54092,31.24219
2020-10-22,Новгородская область,Великий Новгород,Рестораны,,,Рабочий полдень,"Рабочая, 42Б, Великий Новгород 173008 Россия",58.55552,31.26207
2020-10-22,Новгородская область,Великий Новгород,Рестораны,,,Плакучая Ива,"Нехинская, 57, Великий Новгород 173021 Россия",58.52273,31.24465
2020-10-22,Новгородская область,Великий Новгород,Рестораны,,,Причал,"Александра Корсунова проспект, 30, Великий Новгород 173024 Россия",58.54337,31.2509
2020-10-22,Новгородская область,Великий Новгород,Рестораны,,Фастфуд,Три желания,"Большая Санкт-Петербургская, 42, Великий Новгород 173003 Россия",58.52589,31.27429
2020-10-22,Новгородская область,Великий Новгород,Рестораны,,,"Столовая ""Проектстрой""","ул. Большая Санкт-Петербургская, 74, Великий Новгород 173000 Россия",58.546307,31.271008
2020-10-22,Новгородская область,Великий Новгород,Рестораны,,"Бар,Паб",Филин,"Большая Московская, 112, Великий Новгород 173020 Россия",58.51617,31.28572
2020-10-22,Новгородская область,Великий Новгород,Рестораны,,,Дружба,"Свободы, 25, Великий Новгород 173024 Россия",58.54092,31.24219
2020-10-22,Новгородская область,Великий Новгород,Рестораны,,,Шансон,"Свободы, 25, Великий Новгород 173024 Россия",58.54092,31.24219
2020-10-22,Новгородская область,Великий Новгород,Рестораны,,,Джасмин,"Большая Московская, 114а, Великий Новгород 173020 Россия",58.51617,31.28572
2020-10-22,Новгородская область,Великий Новгород,Рестораны,,Кафе,Кошелёк,"Мира проспект, 33а, Великий Новгород 173021 Россия",58.54552,31.23465
2020-10-22,Новгородская область,Великий Новгород,Рестораны,,,Антракт,"ул. Ломоносова, д. 22а, Великий Новгород 173021 Россия",58.54319,31.24386
2020-10-22,Новгородская область,Великий Новгород,Рестораны,,,Винни Вино Бар,"Псковская, 16, Великий Новгород 173015 Россия",58.52392,31.25846
2020-10-22,Новгородская область,Великий Новгород,Рестораны,,,Емеля,"Мира проспект, 21/1, Великий Новгород 173025 Россия",58.53959,31.23512
2020-10-22,Новгородская область,Великий Новгород,Рестораны,,,Ontre,"Воскресенский бульвар, 9 к1, Великий Новгород 173002 Россия",58.52545,31.26068
2020-10-22,Новгородская область,Великий Новгород,Рестораны,,Кафе,Cafe Valentia,"пр. Мира, 32/1, Великий Новгород 173001 Россия",58.531597,31.230913
2020-10-22,Новгородская область,Великий Новгород,Рестораны,,Фастфуд,Панковка,"ул. Первомайская, 2, Великий Новгород 173526 Россия",58.51696,31.30004
2020-10-22,Новгородская область,Великий Новгород,Рестораны,,,Домашний Уют,"Рабочая, 49, Великий Новгород 173008 Россия",58.55552,31.26207
2020-10-22,Новгородская область,Великий Новгород,Рестораны,,,Сушишоп,"Псковская, 44, Великий Новгород Россия",58.510086,31.234728
2020-10-22,Новгородская область,Великий Новгород,Рестораны,,,Пивной Кабачок,"Попова, 10, Великий Новгород 173025 Россия",58.53175,31.23965
2020-10-22,Новгородская область,Великий Новгород,Рестораны,,,Сушишоп,"Воскресенский, 12, Великий Новгород Россия",58.52545,31.26068
2020-10-22,Новгородская область,Великий Новгород,Рестораны,,,Милана,"Мининский пер, 3, Великий Новгород 173001 Россия",58.52915,31.27266
2020-10-22,Новгородская область,Великий Новгород,Рестораны,,Кафе,Глазурь,"ул. Ломоносова, 9/1, Великий Новгород 173016 Россия",58.54072,31.245474
2020-10-22,Новгородская область,Великий Новгород,Рестораны,,,Олимпия,"Большая Санкт-Петербургская, 6, Великий Новгород 173003 Россия",58.527054,31.273638
2020-10-22,Новгородская область,Великий Новгород,Рестораны,,,Петра,"Александра Корсунова проспект, 18, Великий Новгород 173016 Россия",58.54337,31.2509
2020-10-22,Новгородская область,Валдай,Рестораны,,,Чуду-Пицца,"Комсомольский просп., 56, Валдай 175400 Россия",57.97441,33.25637
2020-10-22,Новгородская область,Великий Новгород,Рестораны,,"Бар,Паб",Долина Вин,"Парковая, 8, Великий Новгород 173014 Россия",58.53787,31.29243
2020-10-22,Новгородская область,Великий Новгород,Рестораны,,,"кафе-бар ""LES""","Б. Санкт-Петербургская, д. 25 правая парковка, ТД ""Русь"", Великий Новгород 173001 Россия",58.52589,31.27429
2020-10-22,Новгородская область,Великий Новгород,Рестораны,,Кафе,Кафе Премиум,"ул. Германа, 29, Великий Новгород 173003 Россия",58.52704,31.26147
2020-10-22,Новгородская область,Великий Новгород,Рестораны,,,"Ресторан ""Лимузин""","ул. Студенческая, д.31, Великий Новгород 173014 Россия",58.53421,31.30735
2020-10-22,Новгородская область,Великий Новгород,Рестораны,,,Бавария,"Якова Павлова, 1, Великий Новгород 173011 Россия",58.54465,31.31647
2020-10-22,Новгородская область,Великий Новгород,Рестораны,,,Корсар,"Щусева, 9а/1, Великий Новгород 173008 Россия",58.5652,31.2816
2020-10-22,Новгородская область,Великий Новгород,Рестораны,,,Пикник,"Прусская, 15 к2, Великий Новгород 173007 Россия",58.51726,31.25683
2020-10-22,Новгородская область,Сольцы,Рестораны,,,Суши Фуд,"ул. Ленина, 6, Сольцы 175040 Россия",58.12077,30.31298
2020-10-22,Новгородская область,Валдай,Рестораны,,,Место. Валдай,"Февральская, 3, Валдай 175400 Россия",57.97898,33.25716
2020-10-22,Новгородская область,Валдай,Рестораны,,,Кафе Уездное,"ул. Карла Маркса, 5А, Валдай 175400 Россия",57.97512,33.25374
2020-10-22,Новгородская область,Великий Новгород,Рестораны,,,Lucky Star,"ул. Ломоносова, 29, Великий Новгород Россия",58.53136,31.242842
2020-10-22,Новгородская область,Старая Русса,Рестораны,,,Кафе Анабель,"Трибуны ул., 6, Старая Русса 175202 Россия",57.9929,31.35088
2020-10-22,Новгородская область,Великий Новгород,Рестораны,,,Иль-де-Франс,"ул. Великая,д. 22, Великий Новгород 173003 Россия",58.54072,31.26859
2020-10-22,Новгородская область,Великий Новгород,Рестораны,,,Исток,"Юрьевское шоссе, 18, Великий Новгород 173007 Россия",58.48556,31.27918
2020-10-22,Новгородская область,Великий Новгород,Рестораны,,"Бар,Кафе",Клуб ПАПА БАР,"Чудовская, 4, Великий Новгород 173003 Россия",58.538445,31.266008
2020-10-22,Новгородская область,Великий Новгород,Рестораны,,,Тройка,"Большая Московская, 106а, Великий Новгород 173020 Россия",58.51617,31.28572
2020-10-22,Новгородская область,Великий Новгород,Рестораны,,"Бар,Паб",Погребок Флинта,"Московская, 10, Великий Новгород 173020 Россия",58.51617,31.28572
2020-10-22,Новгородская область,Великий Новгород,Рестораны,,,Русский лес,"Московская, 55, Великий Новгород 173014 Россия",58.533,31.29828
2020-10-22,Новгородская область,Великий Новгород,Рестораны,,,Кингс Шаверма,"Псковская, 47а, Великий Новгород 173009 Россия",58.52391,31.25871
2020-10-22,Новгородская область,Великий Новгород,Рестораны,,,Жар-птица,"Октябрьская, 3, Великий Новгород 173002 Россия",58.515263,31.238043
2020-10-22,Новгородская область,Великий Новгород,Рестораны,,,Аленушка,"Народная, 8а, Великий Новгород 173014 Россия",58.52735,31.30128
2020-10-22,Новгородская область,Великий Новгород,Рестораны,,,Астролинк,"Державина, 13, Великий Новгород 173020 Россия",58.54464,31.3067
2020-10-22,Новгородская область,Старая Русса,Рестораны,,,Суши Фуд,"ул. Поперечная, 28, Старая Русса 175202 Россия",57.998974,31.35421
2020-10-22,Новгородская область,Великий Новгород,Рестораны,,,Кубышка,"Александра Корсунова проспект, 14в, Великий Новгород 173016 Россия",58.54337,31.2509
2020-10-22,Новгородская область,Долгий Мост,Рестораны,,,Папина Дача,"дом 18, Долгий Мост 175460 Россия",58.28121,32.444675
2020-10-22,Новгородская область,Старая Русса,Рестораны,,,Граф Муравьев,"ул. Минеральная, д. 62, курорт «Старая Русса», корпус 10, Старая Русса Россия",57.99739,31.3616
2020-10-22,Новгородская область,Шимск,Рестораны,,,Престиж,"ул Советская 2, Шимск 174150 Россия",58.2103,30.71904
2020-10-22,Новгородская область,Чудово,Рестораны,,,Кабуки,"ул. Титова, 8, Чудово 174210 Россия",59.12489,31.67124
2020-10-22,Новгородская область,Великий Новгород,Рестораны,,,На Славне,"Большая Московская, 18, Великий Новгород 173000 Россия",58.51617,31.28572
2020-10-22,Новгородская область,Великий Новгород,Рестораны,,,Пляж Мармелад,"ул. Ломоносова 29 ТРЦ Мармелад, 4 этаж, Великий Новгород 173016 Россия",58.54319,31.24386
2020-10-22,Новгородская область,Великий Новгород,Рестораны,,,Трансвит,"Большая Санкт-Петербургская, 51, Великий Новгород 173003 Россия",58.52589,31.27429
2020-10-22,Новгородская область,Великий Новгород,Рестораны,,Фастфуд,KFC,"Большая Санкт-Петербургская, 25, Великий Новгород 173003 Россия",58.52589,31.27429
2020-10-22,Новгородская область,Великий Новгород,Рестораны,,,Старый Замок,"Большая Санкт-Петербургская, 11, Великий Новгород 173001 Россия",58.528492,31.271431
2020-10-22,Новгородская область,Старая Русса,Рестораны,,,Ресторан Визави,"ул.Минеральная 59А Гостиница Визави, Старая Русса Россия",57.98541,31.37387
2020-10-22,Новгородская область,Валдай,Рестораны,,,Тропикана,"ул. Молотковская, 2, Валдай 175400 Россия",57.973946,33.267433
2020-10-22,Новгородская область,Великий Новгород,Рестораны,,Фастфуд,Шарлотка,"Нехинская, 30а, Великий Новгород 173021 Россия",58.52304,31.24655
2020-10-22,Новгородская область,Великий Новгород,Рестораны,,,Ресторан Береста (отель Береста Палас),"ул. Студенческая, 2, Великий Новгород Россия",58.53638,31.29192
2020-10-22,Новгородская область,Великий Новгород,Рестораны,,,Джаганнат,"ул. Б.С.-Петербургская, д.5, Великий Новгород 173001 Россия",58.52693,31.272936
2020-10-22,Новгородская область,Великий Новгород,Рестораны,,,Бест Тайм Ресторан & бар,"Сырковское шоссе, 2А Колмово Сити, Великий Новгород 173008 Россия",58.55272,31.26611
2020-10-22,Новгородская область,Боровичский район,Рестораны,,,Майкрофт паб,"пл. Спасская, 1, Боровичи Россия",58.386047,33.901646
2020-10-22,Новгородская область,Валдайский район,Рестораны,,Кафе,Полпути,"368 км трассы М-10, Едрово 175429 Россия",57.926888,33.583893
2020-10-22,Новгородская область,Великий Новгород,Рестораны,,,Кафе-гостевая Варенье,"ул. Германа, д. 25, Великий Новгород 173000 Россия",58.532753,31.260357
2020-10-22,Новгородская область,Великий Новгород,Рестораны,,,Казинаки-Сити,"Студенческая, 2, Великий Новгород 173020 Россия",58.53638,31.29192
2020-10-22,Новгородская область,Великий Новгород,Рестораны,,,Plaza,"Новолучанская, 7, Великий Новгород 173001 Россия",58.52508,31.27169
2020-10-22,Новгородская область,Великий Новгород,Рестораны,,,Харчевня Ганзейский погребок,"Ул. Дворцовая, 1, Великий Новгород Россия",58.519974,31.28452
2020-10-22,Новгородская область,Великий Новгород,Рестораны,,,Бриг,"Фёдоровский ручей, 2/13 к1, Великий Новгород 173004 Россия",58.52277,31.29179
2020-10-22,Новгородская область,Великий Новгород,Рестораны,,,Охотничьи байки,"Зелинского, 37, Великий Новгород 173025 Россия",58.53821,31.222952
2020-10-22,Новгородская область,Великий Новгород,Рестораны,,,City,"Большая Санкт-Петербургская, 30, Великий Новгород 173003 Россия",58.52589,31.27429
2020-10-22,Новгородская область,Великий Новгород,Рестораны,,,Баскин Роббинс,"Мира проспект, 13 к1, Великий Новгород 173025 Россия",58.53936,31.23621
2020-10-22,Новгородская область,Великий Новгород,Рестораны,,,Гринсливс,"Мусы Джалиля Духовская 23а, Великий Новгород Россия",58.53258,31.27718
2020-10-22,Новгородская область,Великий Новгород,Рестораны,,,Интурист,"ул. Великая, 16, Великий Новгород Россия",58.52632,31.2806
2020-10-22,Новгородская область,Великий Новгород,Рестораны,,,Ресторан Садко,"Фёдоровский ручей, 16, Великий Новгород 173004 Россия",58.5229,31.28512
2020-10-22,Новгородская область,Великий Новгород,Рестораны,,,"Ресторан АМАКС ""Россия""","Набережная Александра Невского, 19/1, Великий Новгород 173000 Россия",58.51489,31.28584
2020-10-22,Новгородская область,Великий Новгород,Рестораны,,,Волна,"Большая Санкт-Петербургская, 39, Великий Новгород 173003 Россия",58.52589,31.27429
2020-10-22,Новгородская область,Великий Новгород,Рестораны,,Кафе,Центральная кофейня,"ул. Газон, 2, Великий Новгород 173001 Россия",58.525078,31.273975
2020-10-22,Новгородская область,Валдай,Рестораны,,Кафе,Услада,"ул. Ленина, д. 24/48, Валдай 175400 Россия",57.98011,33.25329
2020-10-22,Новгородская область,Великий Новгород,Рестораны,,Кафе,Кафе ОГУРЕЦ,"Ул. Никольская 4, Великий Новгород Россия",58.51717,31.28445
2020-10-22,Новгородская область,Великий Новгород,Рестораны,,,Азия,"Яковлева, 22, Великий Новгород 173001 Россия",58.52861,31.27977
2020-10-22,Новгородская область,Великий Новгород,Рестораны,,"Бар,Паб",Хоумбар,"Великая, 5/2, Великий Новгород Россия",58.527412,31.279917
2020-10-22,Новгородская область,Великий Новгород,Рестораны,,,ДОМ БЫТА,"Большая Санкт-Петербургская, 28, Великий Новгород 173003 Россия",58.537,31.26615
2020-10-22,Новгородская область,Великий Новгород,Рестораны,,,Ассорти,"ул. Рахманинова, д. 10, Великий Новгород 173020 Россия",58.54029,31.309729
2020-10-22,Новгородская область,Великий Новгород,Рестораны,,,Тертый Калач,"Псковская, 2, Великий Новгород 173015 Россия",58.52391,31.25871
2020-10-22,Новгородская область,Старая Русса,Рестораны,,,Пиццерия,"Ул. Минеральная, 38, Старая Русса 175201 Россия",57.99739,31.3616
2020-10-22,Новгородская область,Великий Новгород,Рестораны,,,Грузинский Дворик,"Людогоща, 8, Великий Новгород 173001 Россия",58.524693,31.265558
2020-10-22,Новгородская область,Чудово,Рестораны,,,"Кафе ""Ануш""","ул. Троицкая, д. 3/1, Чудово 174211 Россия",59.127186,31.686703
2020-10-22,Новгородская область,Старая Русса,Рестораны,,"Бар,Фастфуд",Крафтовый Паб 1984,"Санкт Петербургская, 10, Старая Русса 175202 Россия",57.994526,31.348467
2020-10-22,Новгородская область,Великий Новгород,Рестораны,,Фастфуд,Макдоналдс,"Октябрьская, 11, Великий Новгород 173002 Россия",58.52801,31.253311
2020-10-22,Новгородская область,Великий Новгород,Рестораны,,,ПиццаФабрика - Семейное кафе,"Большая Санкт-Петербургская улица, 39/22, Великий Новгород 173003 Россия",58.53772,31.260742
2020-10-22,Новгородская область,Великий Новгород,Рестораны,,,Ладушки,"Мира проспект, д. 24/1, Великий Новгород 173025 Россия",58.53959,31.23512
2020-10-22,Новгородская область,Великий Новгород,Рестораны,,,Хаси-студия суши,"Кооперативная, 2, Великий Новгород 173003 Россия",58.53472,31.266527
2020-10-22,Новгородская область,Великий Новгород,Рестораны,,"Кафе,Фастфуд",НАШЕ кафе,"ул. Ильина, д. 8, Великий Новгород 173000 Россия",58.518726,31.28788
2020-10-22,Новгородская область,Великий Новгород,Рестораны,,,Юрьевское Подворье,"Юрьевское шоссе, д. 6а, Великий Новгород 175000 Россия",58.48964,31.271036
2020-10-22,Новгородская область,Великий Новгород,Рестораны,,,Bандам Бар,"ул. Свободы 25, Великий Новгород 173000 Россия",58.5412,31.230843
2020-10-22,Новгородская область,Великий Новгород,Рестораны,,Кафе,Черный континент,"Кооперативная, 2/31 crossing street Cooperative and Bol.Sankt Petersburg, near the shopping center Rus, Великий Новгород 173003 Россия",58.534794,31.267208
2020-10-22,Новгородская область,Великий Новгород,Рестораны,,Кафе,Кафе на Сенной,"пл. Сенная, 2, Великий Новгород 173007 Россия",58.521297,31.269485
2020-10-22,Новгородская область,Великий Новгород,Рестораны,,"Бар,Паб",Джаз & Блюз Бар,"ул. Большая Московская, 14 3 этаж, Великий Новгород 173000 Россия",58.51806,31.286865
2020-10-22,Новгородская область,Великий Новгород,Рестораны,,,Brewmen,"ул. Большая Санкт-Петербургская, д. 64, Великий Новгород 173015 Россия",58.54477,31.264278
2020-10-22,Новгородская область,Старая Русса,Рестораны,,"Бар,Паб",Кафе Ильмень,"ул. Минеральная, 45, Старая Русса 175202 Россия",57.98839,31.365095
2020-10-22,Новгородская область,Великий Новгород,Рестораны,,,Ирландский паб Republic,"ул. Великая, 5/2, Великий Новгород 173001 Россия",58.525005,31.264774
2020-10-22,Новгородская область,Великий Новгород,Рестораны,,,Кофе Брейк,"Газон, 5/2, Великий Новгород 173001 Россия",58.52503,31.27396
2020-10-22,Новгородская область,Великий Новгород,Рестораны,,,Кондитерская лавка Трюфель,"ул. Чудинцева, д. 11/62, Великий Новгород 173007 Россия",58.523308,31.262909
2020-10-22,Новгородская область,Великий Новгород,Рестораны,,,Малиновка,"Германа, 1, Великий Новгород 173002 Россия",58.526253,31.260632
2020-10-22,Новгородская область,Великий Новгород,Рестораны,,,Friends Bar,"ул. Большая Санкт-Петербургская, 25, Великий Новгород 173003 Россия",58.53331,31.267448
2020-10-22,Новгородская область,Великий Новгород,Рестораны,,,Изюм,"ул.Молотковская 4, Великий Новгород 173004 Россия",58.523125,31.295774
2020-10-22,Новгородская область,Великий Новгород,Рестораны,,Бар,"Ресторанный комплекс ""Фрегат Флагман""","Набережная Александра Невского, 22/1 Фрегат Флагман, Великий Новгород 173000 Россия",58.520782,31.282112
2020-10-22,Новгородская область,Великий Новгород,Рестораны,,,All READY FoodHouse & MixBar,"ул. Людогоща, 10 Людогоща, 10, Великий Новгород 173001 Россия",58.524765,31.264805
2020-10-22,Новгородская область,Валдай,Рестораны,,,Кафе-Бар Бавария,"пл. Свободы, 15, Валдай 175400 Россия",57.978333,33.255096
2020-10-22,Новгородская область,Великий Новгород,Рестораны,,,Ресторан Волхов,"ул. Предтеченская, 24, Великий Новгород 173007 Россия",58.52364,31.265799
2020-10-22,Новгородская область,Великий Новгород,Рестораны,,,БУРГЕР СТЕЙК,"Улица Розважа, 11/1, Великий Новгород 173001 Россия",58.525715,31.276783
2020-10-22,Новгородская область,Великий Новгород,Рестораны,,Кафе,Дом коромыслом,"Рабочая, 25, Великий Новгород 173008 Россия",58.56582,31.269543
2020-10-22,Новгородская область,Боровичский район,Рестораны,,,Antonio,"Пер. Реппо 4/8, Боровичи 174411 Россия",58.38807,33.90626
2020-10-22,Новгородская область,Великий Новгород,Рестораны,,,My Kitchen - Псковская,"ул. Псковская, 11, Великий Новгород Россия",58.51629,31.247152
2020-10-22,Новгородская область,Великий Новгород,Рестораны,,,Дом Берга,"ул. Большая Московская, 24, Великий Новгород 173000 Россия",58.51967,31.287825
2020-10-22,Новгородская область,Великий Новгород,Рестораны,,,Чайхана Сказка,"набережная Александра Невского, 26, Великий Новгород 173004 Россия",58.525436,31.287447
2020-10-22,Новгородская область,Великий Новгород,Рестораны,,,Кафе Телеграф,"ул. Людогоща, д. 2, Великий Новгород 173001 Россия",58.523945,31.270319
2020-10-22,Новгородская область,Великий Новгород,Рестораны,,Паб,Гастробар «Наffига Козе баян?!»,"ул. Великая, 3, Великий Новгород 173001 Россия",58.527046,31.279606
2020-10-22,Новгородская область,Великий Новгород,Рестораны,,,"Street food ""ДОМ БЫТА""","Федоровский ручей, 15 A, Великий Новгород Россия",58.523384,31.29122
2020-10-22,Новгородская область,Великий Новгород,Рестораны,,Кафе,"Кафе-кондитерская ""ХочуТорт""","ул. Чудинцева, 1/1, Великий Новгород 173000 Россия",58.52222,31.26833
2020-10-22,Новгородская область,Великий Новгород,Рестораны,,Кафе,"Траттория ""Тепло""","ул. Мерецкова-Волосова, д. 7/1, Великий Новгород 173007 Россия",58.51971,31.26871
2020-10-22,Новгородская область,Великий Новгород,Рестораны,,,Сказка,"Большая Власьевская, 1, Великий Новгород 173007 Россия",58.5177,31.270569
2020-10-22,Новгородская область,Великий Новгород,Рестораны,,Бар,Майкрофт Паб,"Предтеченская ул., д.13/6, Великий Новгород 173001 Россия",58.524952,31.266867
2020-10-22,Новгородская область,Великий Новгород,Рестораны,,Кафе,Сударушка,"Большая Московская, 32/12, Великий Новгород 173000 Россия",58.52062,31.28848
2020-10-22,Новгородская область,Великий Новгород,Рестораны,,Кафе,Время Ч.,"ул. Большая Московская 31/7, Великий Новгород 173004 Россия",58.527107,31.292671
2020-10-22,Новгородская область,Великий Новгород,Рестораны,,,Наполи,"ул. Студенческая, 21/43, Великий Новгород 173020 Россия",58.535973,31.29802
2020-10-22,Новгородская область,Великий Новгород,Рестораны,,,"Кафе ""Шоколад""","ул. Людогоща, д. 8, Великий Новгород 173001 Россия",58.524647,31.26636
2020-10-22,Новгородская область,Великий Новгород,Рестораны,,Кафе,La Chatte кафе,"ул. Большая Московская, 86, Великий Новгород 173020 Россия",58.53472,31.298683
2020-10-22,Новгородская область,Великий Новгород,Рестораны,,Бар,Zavodbar,"ул.Германа 2, Великий Новгород 173002 Россия",58.52702,31.25953
2020-10-22,Новгородская область,Старая Русса,Отели,,,"Хостел ""Старая Русса""","Ulitsa Volodarskogo, 30, Старая Русса 175209 Россия",57.99357,31.37336
2020-10-22,Новгородская область,Великий Новгород,Отели,,,Lyubava Hostel 2,Великий Новгород 173000 Россия,58.521698,31.285103
2020-10-22,Новгородская область,Валдай,Отели,,,Baza Otdikha Vatzy,"Ulitsa Vasilyeva 63, Валдай 175430 Россия",57.93174,30.70474
2020-10-22,Новгородская область,Валдай,Отели,,,Валдай гостевой дом Флора-53,"Ветеранов 23а, Валдай 175402 Россия",57.998955,33.23363
2020-10-22,Новгородская область,Старая Русса,Отели,,,Hotel Vestnik,"61 Karla Marksa, Старая Русса 175204 Россия",57.99151,31.38406
2020-10-22,Новгородская область,Великий Новгород,Отели,,,Гостевой Дом Аист,"улица Центральная, 6, Великий Новгород 173018 Россия",58.551258,31.216986
2020-10-22,Новгородская область,Великий Новгород,Отели,,,Гостевой дом Берёза,"ул. Ильина, 29, Великий Новгород 173000 Россия",58.517475,31.297
2020-10-22,Новгородская область,Великий Новгород,Отели,,,БМ-Хостел Великий Новгород,"ул. Большая Санкт-Петербургская, д.14, Великий Новгород 173000 Россия",58.52589,31.27429
2020-10-22,Новгородская область,Великий Новгород,Отели,,,Арт-отель Вернисаж,"ул. Народная, д.2а, Великий Новгород 173014 Россия",58.52661,31.301413
2020-10-22,Новгородская область,Валдайский район,Отели,,,Ерёмина гора,Еремина Гора Россия,57.975628,33.073875
2020-10-22,Новгородская область,Новая Ситенка,Отели,,,Валдайский Теннисный Клуб,Новая Ситенка 175420 Россия,57.93578,33.49469
2020-10-22,Новгородская область,Взвад,Отели,,,Дом охотника и рыбака,"ул. Центральная, 1 на берегу р. Ловать, Взвад 175219 Россия",58.16034,31.46935
2020-10-22,Новгородская область,Пестово,Отели,,,"Отель ""Вокруг света""","Устюженское шоссе, 25, Пестово 174511 Россия",58.60535,35.829845
2020-10-22,Новгородская область,Зыковщина,Отели,,,Константинова Усадьба,"Novgorod region, village. Zykovshchina, Зыковщина 175333 Россия",57.529606,32.9847
2020-10-22,Новгородская область,Бор,Отели,,,Любытино-хутор,Бор 174760 Россия,58.79685,33.384468
2020-10-22,Новгородская область,Великий Новгород,Отели,,,Гостевой дом Антоново,"ул. Парковая, д.5 к.1, Великий Новгород 173020 Россия",58.538494,31.292679
2020-10-22,Новгородская область,Валдай,Отели,,,Ватцы,"Деревня Ватцы дом 1, Валдай Россия",58.081886,33.215534
2020-10-22,Новгородская область,Великий Новгород,Отели,,,"Хостел ""Ярослав""","Никольская ул., 4, Великий Новгород 173000 Россия",58.51736,31.28374
2020-10-22,Новгородская область,Валдай,Отели,,,Клёвое Место,"396 км. от Москвы по трассе м10/e105 д. Нерцы, Валдай Россия",58.035854,33.255745
2020-10-22,Новгородская область,Валдай,Отели,,,Мараканас,"ул. Песчаная, д. 11, Валдай 175402 Россия",57.994205,33.24172
2020-10-22,Новгородская область,Великий Новгород,Отели,,,Роза Ветров,"ул. Новолучанская, д. 27А, Великий Новгород Россия",58.528423,31.264418
2020-10-22,Новгородская область,Великий Новгород,Отели,,,Эврика,"Улица Шимская 32/11, Великий Новгород Россия",58.5119,31.25669
2020-10-22,Новгородская область,Великий Новгород,Отели,,,Гостиница Ганза,"ул. Дворцовая, 1, Великий Новгород 173000 Россия",58.51995,31.284668
2020-10-22,Новгородская область,Великий Новгород,Отели,,,Гостиница Новгородская,"ул. Десятинная, д. 6а, Великий Новгород 17300 Россия",58.52124,31.263435
2020-10-22,Новгородская область,Валдай,Отели,,,Приют Охотника,"дер. Ключи, д. 23, Валдай 175421 Россия",58.018105,33.469284
2020-10-22,Новгородская область,Великий Новгород,Отели,,,"Хостел ""Хоум""","ул. Орловская 6, корпус 1, Великий Новгород 173007 Россия",58.508602,31.265972
2020-10-22,Новгородская область,Старая Русса,Отели,,,Старая Русса,"ул. Минеральная, д. 62, Старая Русса 175203 Россия",57.985825,31.36728
2020-10-22,Новгородская область,Чудово,Отели,,,Волхов Мост,"ул. Школьная, д. 6 Чудовский район, ст., Чудово 174210 Россия",59.13504,31.63437
2020-10-22,Новгородская область,Валдай,Отели,,,Кот и кошка,"Ulitsa Pobedy 40, Валдай 175400 Россия",57.98439,33.24934
2020-10-22,Новгородская область,Валдай,Отели,,,Хостел Ленина 3,"ул. Ленина 3, Валдай 175400 Россия",57.980316,33.25218
2020-10-22,Новгородская область,Пестово,Отели,,,Гостиница Пестово,"ул. Титова,  д.86, Пестово 174510 Россия",58.60411,35.78451
2020-10-22,Новгородская область,Великий Новгород,Отели,,,Гостиница Круиз,"Prusskaya, 11, Великий Новгород 173007 Россия",58.52007,31.26814
2020-10-22,Новгородская область,Пестово,Отели,,,Гостиница Серебряный Бор,"ул. Мелиораторов, 2-В, Пестово 174510 Россия",58.58249,35.77016
2020-10-22,Новгородская область,Великий Новгород,Отели,,,B&B Hotel Centre,"Ulitsa Belova 6, Великий Новгород 173015 Россия",58.52269,31.25365
2020-10-22,Новгородская область,Демянский район,Отели,,,Усадьба Русская деревенька,Балуево Россия,57.686935,33.059334
2020-10-22,Новгородская область,Великий Новгород,Отели,,,65HOME minihotel,"ул. Каберова-Власьевская,  65, Великий Новгород 173007 Россия",58.5099,31.25502
2020-10-22,Новгородская область,Старая Русса,Отели,,,Коттедж в Старой Руссе,"Улица Минеральная 55, Старая Русса 175202 Россия",57.98662,31.36549
2020-10-22,Новгородская область,Великий Новгород,Отели,,,Профилакторий-Санаторий Акрон,"ул. Зелинского, 9, Великий Новгород 173016 Россия",58.533733,31.249454
2020-10-22,Новгородская область,Боровичский район,Отели,,,Гостевои дом на Дзержинского,"Ulitsa Dzerzhinskogo 116, Боровичи 174411 Россия",58.40004,33.92855
2020-10-22,Новгородская область,Городищи,Отели,,,Мстинские Горки,Городищи Россия,58.37164,35.139683
2020-10-22,Новгородская область,Боровичский район,Отели,,,Профилакторий,"ул. Заводская набережная, д.2, Боровичи 174411 Россия",58.3878,33.900364
2020-10-22,Новгородская область,Валдай,Отели,,,Романовская усадьба,"ул. Белова, д. 3, Валдай 175400 Россия",57.983,33.25593
2020-10-22,Новгородская область,Валдай,Отели,,,Национальный парк Валдайский,"ул. Победы, 5, Валдай 175400 Россия",57.98612,33.2543
2020-10-22,Новгородская область,Демянский район,Отели,,,Демянская,"ул. 1 Мая, 61, пгт Демянск 175310 Россия",57.64367,32.43966
2020-10-22,Новгородская область,Валдай,Отели,,,"Гостиница ""Валдайский двор""","Выскодно-2, 7А, Валдай 175400 Россия",57.9574,33.24416
2020-10-22,Новгородская область,Селище,Отели,,,Любогорье,Селище 174770 Россия,58.81787,33.548115
2020-10-22,Новгородская область,Великий Новгород,Отели,,,Дубровский,"Дубровский пос, 1 Великий Октябрь, Великий Новгород 404158 Россия",58.52328,31.26991
2020-10-22,Новгородская область,Окуловка,Отели,,,Флагман,"ул. Мира д. 2а, Окуловка 174352 Россия",58.39323,33.262127
2020-10-22,Новгородская область,Боровичский район,Отели,,,Металлург,"ул. Ленинградская, д.78, Боровичи 174411 Россия",58.389423,33.891006
2020-10-22,Новгородская область,Валдай,Отели,,,"Отель ""Валдай""",Валдай 175418 Россия,58.020992,33.325138
2020-10-22,Новгородская область,Хвойнинский район,Отели,,,Новгородская деревня,Исаиха 174577 Россия,58.880116,34.174416
2020-10-22,Новгородская область,Валдай,Отели,,,Юпитер,"Советский Проспект 25А, Валдай 175400 Россия",57.97356,33.26165
2020-10-22,Новгородская область,Долгий Мост,Отели,,,Papina Dacha Hotel,"Dolgiy Most village 18, Долгий Мост 175461 Россия",58.28161,32.44368
2020-10-22,Новгородская область,Великий Новгород,Отели,,,Лайк Хостел,"ул. Московская, д.12 кв. 91, Великий Новгород 173020 Россия",58.54455,31.30629
2020-10-22,Новгородская область,Зимогорье,Отели,,,Motel SKS,"Ulitsa Sovkhoznzya, 10, Зимогорье 175400 Россия",57.98697,33.25153
2020-10-22,Новгородская область,Ретлё,Отели,,,Baza Otdykha,Ретлё 175202 Россия,58.15923,31.083036
2020-10-22,Новгородская область,Великий Новгород,Отели,,,Карелинн Отель,"Большая Санкт-Петербургская, 21, Великий Новгород 173001 Россия",58.53085,31.269373
2020-10-22,Новгородская область,Великий Новгород,Отели,,,Отель Веряжский,"ул. Нехинская, 44/3, Великий Новгород 173000 Россия",58.52273,31.24465
2020-10-22,Новгородская область,Перевоз,Отели,,,Valday Eco Vacation,Перевоз 174356 Россия,58.299496,33.23604
2020-10-22,Новгородская область,Старая Русса,Отели,,,Baza Otdykha,"Stroenie 3 Il'menskaya Ulitsa, Старая Русса 175201 Россия",57.986076,31.36867
2020-10-22,Новгородская область,Старая Русса,Отели,,,Holiday Village 'Buriy Medved',"Khmelevo, Старая Русса 175121 Россия",58.033268,31.600693
2020-10-22,Новгородская область,Воротово,Отели,,,База отдыха меглино,Воротово 174477 Россия,58.41436,35.091694
2020-10-22,Новгородская область,Шимский район,Отели,,,Sport Centre Borsky,"Krasnogorka 120, Бор 606446 Россия",58.20169,30.6688
2020-10-22,Новгородская область,Рощино,Отели,,,Усадьба,"7 Pesochnaya Ulitsa 7, Рощино 197000 Россия",58.38492,33.94799
2020-10-22,Новгородская область,Старая Русса,Отели,,,Hostel on Shtykova 3,"Naberezhnaya Generala Stykova 3, Старая Русса 175202 Россия",57.99305,31.35433
2020-10-22,Новгородская область,Мельница,Отели,,,Guest House Melnitsa,"Melnitsa, Мельница 174350 Россия",58.254818,33.27892
2020-10-22,Новгородская область,Великий Новгород,Отели,,,Хостел Круиз - Большая Ель,"ул. Прусская, д. 11, Великий Новгород Россия",58.52007,31.26814
2020-10-22,Новгородская область,Мстинский Мост,Отели,,,Guest House In Mistinskyy Most,"Vorovskogo, 42, Мстинский Мост 174290 Россия",58.69188,32.575825
2020-10-22,Новгородская область,Боровичский район,Отели,,,Гостевой дом МСТА,"ул. Дзержинского, 8, Боровичи 174411 Россия",58.39038,33.908333
2020-10-22,Новгородская область,Отели Новгородской области,Отели,,,Prosto Kvashino Kozynevo,"Ul. Molodezhnaya 1, 173513 Россия",58.35772,33.89305
2020-10-22,Новгородская область,Отели Новгородской области,Отели,,,Hotel Na Pankovke,"Industrialnaya Street 21 Pankovka, Novgorodsky District, 173000 Россия",58.498207,31.193832
2020-10-22,Новгородская область,B&B/мини-отели/гостиницы Новгородской области,Отели,,,Guest House on Tsentralnaya 197,"Ul. Tsentral'naya Dom 197, 173525 Россия",58.67266,31.3805
2020-10-22,Новгородская область,Великий Новгород,Отели,,,Гостиница Большая Ель,"ул. Прусская, д. 11, Великий Новгород 173025 Россия",58.51858,31.26345
2020-10-22,Новгородская область,Великий Новгород,Отели,,,Хостел Sleep & Go,"улица Черемнова-Конюхова, 8, Великий Новгород 173004 Россия",58.528458,31.292126
2020-10-22,Новгородская область,Шимский район,Отели,,,Капитан,"ул. Южная, д.15, Бор 174150 Россия",58.200592,30.698946
2020-10-22,Новгородская область,Валдай,Отели,,,Berendeevo Tsarstvo,"Derevnya Shuya, Валдай 175421 Россия",58.01303,33.34269
2020-10-22,Новгородская область,Окуловка,Отели,,,база отдыха Аленушка,"44 Ulitsa Lenina, Окуловка 174350 Россия",58.37419,33.297626
2020-10-22,Новгородская область,Великий Новгород,Отели,,,Ханса Хостел,"Улица Ильина 10/13, Великий Новгород 173000 Россия",58.51623,31.30097
2020-10-22,Новгородская область,Кривое Колено,Отели,,,Mstinskie Gorki Hotel,"Gorodishchi Village, Кривое Колено 174260 Россия",58.685833,32.605278
2020-10-22,Новгородская область,Пестово,Отели,,,"Отель ""Пестово""","ул. Почтовая, 13A, Пестово 174510 Россия",58.60234,35.80752
2020-10-22,Новгородская область,Пестово,Отели,,,Povalikhino Cottage,"Village of Povalikhino 10, Пестово 606503 Россия",58.59823,35.8154
2020-10-22,Новгородская область,Усадье,Отели,,,Russkaya Usadba,"Gidrologicheskaya ul., d. 3, Усадье 175402 Россия",58.023167,33.258263
2020-10-22,Новгородская область,Взвад,Отели,,,House of Hunter and Fisherman,"Centralnaya ulitca 1, Взвад 175219 Россия",58.15831,31.46994
2020-10-22,Новгородская область,Ретлё,Отели,,,"Usad'ba ""Bol'shoi Kamen'""",Ретлё 175215 Россия,58.156033,31.081598
2020-10-22,Новгородская область,Перерва,Отели,,,Pererva Country House,"Ulitsa Moskovskaya 5, Перерва 175333 Россия",57.484985,32.998947
2020-10-22,Новгородская область,Бор,Отели,,,Baza Otdikha Lubytino Khutor,Бор 174760 Россия,58.794205,33.38256
2020-10-22,Новгородская область,Великий Новгород,Отели,,,Hotel Raduga,"ulitsa Khutynskaya 10A 3rd Floor, Великий Новгород 173020 Россия",58.53652,31.30727
2020-10-22,Новгородская область,Селище,Отели,,,Ski Club Liubogorie,Селище 174770 Россия,58.17139,33.586945
2020-10-22,Новгородская область,Великий Новгород,Отели,,,Дружба,"Дубровский пос, 2 Великий Октябрь, Великий Новгород 404158 Россия",58.52328,31.26991
2020-10-22,Новгородская область,Великий Новгород,Отели,,,Пансионат,"3 Lazarevskiy Pereulok, Великий Новгород 173003 Россия",58.53419,31.27208
2020-10-22,Новгородская область,Великий Новгород,Отели,,,Guest House Bereza,"Narodnaya Ulitsa, 2 a Litera B, Великий Новгород 173000 Россия",58.52735,31.30128
2020-10-22,Новгородская область,Великий Новгород,Отели,,,Hostel on Belova 6,"Ulitsa Belova 6, Великий Новгород 173015 Россия",58.52269,31.25365
2020-10-22,Новгородская область,Великий Новгород,Отели,,,Grace Hotel,"ул. Попова, 5, Великий Новгород 173021 Россия",58.529667,31.235352
2020-10-22,Новгородская область,Артём,Отели,,,Gostevoi Dom,"Tsiolkovskogo 54, Артём 692751 Россия",58.55128,31.21687
2020-10-22,Новгородская область,Валдайский район,Отели,,,Tri Ozera Guesthouse,"Derevnya Luchki 68, Лучки 175430 Россия",58.13866,33.108902
2020-10-22,Новгородская область,Артём,Отели,,,Любогорница,"ул. Артема-12, Артём 174750 Россия",58.73897,33.47513
2020-10-22,Новгородская область,Валдайский район,Отели,,,Три Озера,Лучки 175430 Россия,58.401196,30.16809
2020-10-22,Новгородская область,Красный Бережок,Отели,,,Красный Бережок,"на берегу реки Мста, Красный Бережок 174560 Россия",58.542908,32.262085
2020-10-22,Новгородская область,Котовицы,Отели,,,Volkhov River Guest House,"Volkhov River Bank, 177 km from M10, Building 30B, Котовицы 173000 Россия",58.648247,31.437159
2020-10-22,Новгородская область,Прилуки,Отели,,,загородныи дом,"Речная,дом 9, Прилуки 173000 Россия",58.50755,31.23606
2020-10-22,Новгородская область,Валдайский район,Отели,,,Motel' Trassa M-10,"Ulitsa Moskovskaya 102, Едрово 175429 Россия",57.913567,33.619762
2020-10-22,Новгородская область,Опеченский Посад,Отели,,,Гостевой дом в Опеченском Посаде,"3-я линия,   72, Опеченский Посад 174442 Россия",58.275963,34.11492
2020-10-22,Новгородская область,Берёзовка,Отели,,,Inn Dubrava,Берёзовка 174360 Россия,58.552322,31.050661
2020-10-22,Новгородская область,Новая Ситенка,Отели,,,Guest House Vozle Ozera Petrova,Новая Ситенка 175420 Россия,57.93604,33.501778
2020-10-22,Новгородская область,Парфинский район,Отели,,,Глухарь Клуб,"улица Мира, 13, Юрьево 175133 Россия",58.041534,31.591686
2020-10-22,Новгородская область,Валдай,Отели,,,Hotel Au Royal Mad,"15 Peschanaya Ulitsa, Валдай 125057 Россия",57.95889,33.24412
2020-10-22,Новгородская область,Валдай,Отели,,,Усадьба Закидово,"деревня Закидово, Валдай Россия",58.00011,33.52294
2020-10-22,Новгородская область,Борисово,Отели,,,Baza Otdyha Valdajskaja,"ul. Lesnaya, Борисово 175400 Россия",58.08534,33.289
2020-10-22,Новгородская область,Валдай,Отели,,,Valdayskaya Riviera,"Ulitsa Generala Belova, 5, Валдай 175400 Россия",57.98475,33.25528
2020-10-22,Новгородская область,Боровичский район,Отели,,,Апартаменты на Ботаническои,"Botanicheskaya Street 5A, Боровичи 174401 Россия",58.40253,33.90116
2020-10-22,Новгородская область,Большой Городок,Отели,,,Economy Hotel Lubytino,"Magistralnaya 6 Dom, Большой Городок 174760 Россия",58.80574,33.41266
2020-10-22,Новгородская область,Боровичский район,Отели,,,Гостевой дом МСТА,"ул. Дзержинского, д. 8, Боровичи 174411 Россия",58.38996,33.90831
2020-10-22,Новгородская область,Боровичский район,Отели,,,Kvartira,"Rabochaya Ulica. D.7, Боровичи 174411 Россия",58.37653,33.89963
2020-10-22,Новгородская область,Боровичский район,Отели,,,Gostevoy Dom V Opechenskom Posade,"Selo Opechensky Posad, 3-ya Liniya, 72, Боровичи 174442 Россия",58.38859,33.89839
2020-10-22,Новгородская область,Боровичский район,Отели,,,Dom Masarskogo Podvor'ia,"Opechenskii Posad, Боровичи 174400 Россия",58.38859,33.89839
2020-10-22,Новгородская область,Великий Новгород,Отели,,,Bania-Dom Chungha-Changha,"Sankt-Pietierburghskaia ulitsa, d 115, kor.1, Великий Новгород 173008 Россия",58.52589,31.27429
2020-10-22,Новгородская область,Великий Новгород,Отели,,,"Коттедж ""Бронница""","Речная ул., 49, Великий Новгород 173003 Россия",58.50713,31.23847
2020-10-22,Новгородская область,Великий Новгород,Отели,,,Криз автокемпинг,"Державина улица, Великий Новгород 173020 Россия",58.54906,31.28141
2020-10-22,Новгородская область,Боровичский район,Отели,,,Sanatoriy AO BKO,"ulitsa Zavodskaya naberezhnaya 2, Боровичи 174411 Россия",58.38781,33.90028
2020-10-22,Новгородская область,Чудово,Отели,,,Званка общежитие,"Парайненская улица, д. 3, Чудово 174210 Россия",59.12028,31.67363
2020-10-22,Новгородская область,Великий Новгород,Отели,,,"Хостел ""Любава""","ул. Озёрная, д. 4, Великий Новгород 173009 Россия",58.510612,31.239325
2020-10-22,Новгородская область,Ретлё,Отели,,,Большой Камень,Ретлё 175215 Россия,58.157173,31.084103
2020-10-22,Новгородская область,Чудово,Отели,,,"Мотель ""Оазис""","автодорога Москва — Санкт-Петербург М-10 (Е-105), 582 км (справа), Чудово 174213 Россия",59.136208,31.630571
2020-10-22,Новгородская область,Великий Новгород,Отели,,,Лайк Хостел,"ул. Зелинского дом 26, Великий Новгород 173000 Россия",58.53446,31.25155
2020-10-22,Новгородская область,Великий Новгород,Отели,,,Voyaj,"ul. Timura Frunze-Olovyanka d. 19-1, Великий Новгород 173004 Россия",58.53027,31.29099
2020-10-22,Новгородская область,Великий Новгород,Отели,,,Мини отель дом майера,"2 Ulitsa Mikhaylova, Великий Новгород 173000 Россия",58.52328,31.26991
2020-10-22,Новгородская область,Великий Новгород,Отели,,,Guesthouse in Slutka,"Slutka dom 109, Великий Новгород 173022 Россия",58.63069,31.42937
2020-10-22,Новгородская область,Великий Новгород,Отели,,,Hostel Madagaskar,"Zelinskogo 26 1 etazh, Великий Новгород 173023 Россия",58.53604,31.23995
2020-10-22,Новгородская область,Великий Новгород,Отели,,,Krasny Berezhok,"Derevnya Krasnyy Berezhok Novgorodskaya Oblast, Великий Новгород 174260 Россия",58.546066,32.26472
2020-10-22,Новгородская область,Никольское,Отели,,,Gostevoy Dvor,"Shkol'naya Vel'yo-Stany 15, Никольское 175327 Россия",57.700363,32.99888
2020-10-22,Новгородская область,Берёзовик,Отели,,,Turbaza Charodeyka,"Zavidichye Lake, Берёзовик 174341 Россия",58.358864,33.155903
2020-10-22,Новгородская область,Великий Новгород,Отели,,,Отель-Бутик Халява Мёд,"ул. Черепичная, 4, Великий Новгород 173003 Россия",58.54499,31.27288
2020-10-22,Новгородская область,Окуловка,Отели,,,Юность,"улица Кирова, д. 8, Окуловка 174350 Россия",58.37655,33.29682
2020-10-22,Новгородская область,Велье-Станы,Отели,,,Гостевои дворик на Валдае,"Школьная Вельё-Станы 15, Велье-Станы 175327 Россия",57.70061,32.998512
2020-10-22,Новгородская область,Кривая Клетка,Отели,,,"База отдыха ""Красота""",Кривая Клетка 175333 Россия,57.517532,32.965015
2020-10-22,Новгородская область,Пирусс,Отели,,,Пирос,"на берегу реки Валдайки, Пирусс 174419 Россия",58.14201,33.8211
2020-10-22,Новгородская область,Великий Новгород,Отели,,,Панковка,"ул. Индустриальная, д. 21, Великий Новгород 173526 Россия",58.493496,31.20344
2020-10-22,Новгородская область,Великий Новгород,Отели,,,Hotel On Prusskaya 8,"8 Prusskaya Ulitsa, Великий Новгород 173007 Россия",58.51952,31.26554
2020-10-22,Новгородская область,Окуловка,Отели,,,База отдыха Мельница,"ул. Парфенова, д. 22 национальный парк ""Валдайский"", Окуловка 174352 Россия",58.3994,33.28127
2020-10-22,Новгородская область,Великий Новгород,Отели,,,Родничок,"ул. Космонавтов, д. 18/1, Великий Новгород 173016 Россия",58.53757,31.25409
2020-10-22,Новгородская область,Великий Новгород,Отели,,,North Star Hotel Apartments,"56 Pskovskaya Ulitsa, Великий Новгород 173016 Россия",58.50544,31.22646
2020-10-22,Новгородская область,Зайцево,Отели,,,Зайцева гора,"Центральная, д.139, Зайцево 175453 Россия",58.36844,32.0666
2020-10-22,Новгородская область,Валдай,Отели,,,Гостиница Валдай,"ул. Луначарского, д. 20, Валдай 175400 Россия",57.97806,33.25651
2020-10-22,Новгородская область,Чудово,Отели,,,"Мотель ""Чудово""","581 км. а/д Москва-Санкт-Петербург АЗС №262, Чудово 174210 Россия",59.12443,31.637856
2020-10-22,Новгородская область,Валдайский район,Отели,,,Pansionat Severnoye Siyaniye,"Valdayskiy Rayon, Шуя 175421 Россия",58.013515,33.344025
2020-10-22,Новгородская область,Валдай,Отели,,,Baza Otdiha Golyboy Fakel,"Zimogorje Village, 7th km Valdai - Navolok shossee, Валдай 175400 Россия",57.935333,33.31739
2020-10-22,Новгородская область,Великий Новгород,Отели,,,Dilizhans Hotel,"ул. Студенческая 31, Великий Новгород 173014 Россия",58.53638,31.29192
2020-10-22,Новгородская область,Великий Новгород,Отели,,,Guest House Home,"Ulitsa Prusskaya dom 36, Stroyeniye 2, Великий Новгород 173015 Россия",58.51724,31.25405
2020-10-22,Новгородская область,Малая Вишера,Отели,,,Новгородский Следопыт,"дер. Веребье, Малая Вишера 174260 Россия",58.67735,32.70259
2020-10-22,Новгородская область,Великий Новгород,Отели,,,"Хостел ""История""","ул. Ильина, 19/44, Великий Новгород 173000 Россия",58.518063,31.293068
2020-10-22,Новгородская область,Рощино,Отели,,,Валдай,Рощино 175418 Россия,57.97578,33.2518
2020-10-22,Новгородская область,Великий Новгород,Отели,,,Хостел Ганзейский двор,"ул. Зелинского, д.30, Великий Новгород 173023 Россия",58.53446,31.25155
2020-10-22,Новгородская область,Новая Деревня,Отели,,,Гостевой дом Три клена,"ул. Кленовая, 3, Новая Деревня 173020 Россия",58.542465,31.340149
2020-10-22,Новгородская область,Новая Ситенка,Отели,,,Valdai Club Tennis,"Valdai Tennis Club 1, Новая Ситенка 175420 Россия",57.945087,33.498775
2020-10-22,Новгородская область,Окуловка,Отели,,,Bereg Valdaia,"D.26E Okulovskii Raion, Окуловка 174356 Россия",58.37553,33.28644
2020-10-22,Новгородская область,Валдай,Отели,,,Кот и Кошка,"Крупской, 34, Валдай 175400 Россия",57.98089,33.25461
2020-10-22,Новгородская область,Окуловский район,Отели,,,Berloga,"Dom 7, Березовка 174360 Россия",58.222023,33.470806
2020-10-22,Новгородская область,Великий Новгород,Отели,,,Академ ВН Хостел,"Саши Устинова, 3, Великий Новгород 173003 Россия",58.540558,31.258303
2020-10-22,Новгородская область,Пестово,Отели,,,Калинка,"улица Гайдара, 1, Пестово 174511 Россия",58.59823,35.8154
2020-10-22,Новгородская область,Великий Новгород,Отели,,,Гостевой дом Джем,"ул. Московская, д. 7A, Великий Новгород 173014 Россия",58.53384,31.302532
2020-10-22,Новгородская область,Валдайский район,Отели,,,Берендеево царство,Шуя Россия,58.01508,33.390373
2020-10-22,Новгородская область,Великий Новгород,Отели,,,Гостевой дом Bergen,"Молотковская,  33, Великий Новгород 173004 Россия",58.52314,31.29603
2020-10-22,Новгородская область,Великий Новгород,Отели,,,Хостел Береста,"ул. Хутынская 10а 2 этаж, Великий Новгород 173020 Россия",58.536953,31.30762
2020-10-22,Новгородская область,Великий Новгород,Отели,,,Рэстап Хостел ,"ул. Михайлова, д. 32, кв. 2, Великий Новгород 173000 Россия",58.51419,31.28674
2020-10-22,Новгородская область,Боровичский район,Отели,,,Отель VICTORIA,"улица Льва Толстого,  2, Боровичи 174411 Россия",58.386456,33.908604
2020-10-22,Новгородская область,Боровичский район,Отели,,,Гостиница Винтаж,"ул. Московская, 30, Боровичи 174406 Россия",58.38425,33.91458
2020-10-22,Новгородская область,Великий Новгород,Отели,,,Хостел Великий,"ул. Великая, д. 9/3, Великий Новгород 173003 Россия",58.52632,31.2806
2020-10-22,Новгородская область,Мясной Бор,Отели,,,Mотель привал,"ул. Центральная, 18A, Мясной Бор 173503 Россия",58.822777,31.476034
2020-10-22,Новгородская область,Бураково,Отели,,,Кемпинг Валдайская тропа,"Дорожная,  д.11, Бураково 175310 Россия",57.67113,32.968697
2020-10-22,Новгородская область,Великий Новгород,Отели,,,Неревский,"Ул. Великая, 1, Великий Новгород Россия",58.526237,31.278538
2020-10-22,Новгородская область,Новая Деревня,Отели,,,Три Клена,"ул. Кленовая, д.3, Новая Деревня 173020 Россия",58.5391,31.33502
2020-10-22,Новгородская область,Великий Новгород,Отели,,,Апартаменты Берлога,"улица Каберова-Власьевская 47Б, Великий Новгород Россия",58.51138,31.258352
2020-10-22,Новгородская область,Великий Новгород,Отели,,,Гостевой Дом Альянс,"ул. Народная, 2А, Великий Новгород 173014 Россия",58.527035,31.30214
2020-10-22,Новгородская область,Великий Новгород,Отели,,,"Гостевой дом ""Кожевники""","ул. Строителей, 9, Великий Новгород 173003 Россия",58.533833,31.275545
2020-10-22,Новгородская область,Рощино,Отели,,,Дом отдыха Валдай,Рощино 175418 Россия,58.020588,33.32472
2020-10-22,Новгородская область,Боровичский район,Отели,,,Гостиница Ткачи,"ул. Дзержинского, д. 8A, Боровичи 174411 Россия",58.389915,33.90887
2020-10-22,Новгородская область,Валдай,Отели,,,Holiday Home Podlipki,"Ulitsa Pobedy 10, Валдай 175400 Россия",57.98663,33.25407
2020-10-22,Новгородская область,Валдай,Отели,,,Vatzy Guesthouse,"Ulitsa Vasil'yeva, d.38, Валдай 175430 Россия",57.98427,33.236645
2020-10-22,Новгородская область,Валдай,Отели,,,Baza Klevoe Mesto,"Валдаискии раион. Деревня Усадья, Валдай 175402 Россия",58.03574,33.256516
2020-10-22,Новгородская область,Боровичский район,Отели,,,Рабочая слобода,"Посёлок 1 цеха д. 17, Боровичи 174411 Россия",58.384346,33.88375
2020-10-22,Новгородская область,Великий Новгород,Отели,,,Otel' Veryazhskiy,"ul. Nekhinskaya 44, K  3, Великий Новгород 173000 Россия",58.51918,31.22161
2020-10-22,Новгородская область,Великий Новгород,Отели,,,Ламбада,"ул. Зоотехническая, д. 3, Великий Новгород Россия",58.55218,31.22531
2020-10-22,Новгородская область,Селище,Отели,,,Klub Otdyha Liubogorie,"Dom 33, Селище 174770 Россия",58.81665,33.548737
2020-10-22,Новгородская область,Старая Русса,Отели,,,Визави,"Минеральная улица, д. 59, лит. А, Старая Русса Россия",57.99739,31.3616
2020-10-22,Новгородская область,Великий Новгород,Отели,,,Hotel Welcome Inn,"Molotkovskaya St., 4, Великий Новгород 173004 Россия",58.523277,31.296083
2020-10-22,Новгородская область,Боровичский район,Отели,,,"Гостиница ""Олимп""","пл. Спасская , д.4 СК ""Олимп"", Боровичи 174411 Россия",58.385586,33.899315
2020-10-22,Новгородская область,Валдайский район,Отели,,,"Турбаза ""Великое озеро""","ул. Береговая д. 1, Симаниха 175425 Россия",57.723656,33.06597
2020-10-22,Новгородская область,Валдай,Отели,,,Придорожный комплекс Автопарк,"ул. Московская, 105, Валдай 175333 Россия",57.90207,33.641487
2020-10-22,Новгородская область,Великий Новгород,Отели,,,Гостиница Садко,"ул. Федоровский Ручей, д. 16, Великий Новгород 173000 Россия",58.521736,31.297174
2020-10-22,Новгородская область,Великий Новгород,Отели,,,Гостевой дом Валерия,"ул. Мичуринская, д. 14, Великий Новгород 173000 Россия",58.511345,31.253254
2020-10-22,Новгородская область,Валдай,Отели,,,Валдай Эко Клуб,"ул. Зеленая,  д. 1, Валдай Россия",57.927464,33.22601
2020-10-22,Новгородская область,Великий Новгород,Отели,,,Гостевой дом Добрыня,"Добрыня,  5, Великий Новгород 173007 Россия",58.51824,31.267885
2020-10-22,Новгородская область,Старая Русса,Отели,,,Гостиница Полисть,"ул. Гостинодворская, д. 20, Старая Русса 175202 Россия",57.99138,31.36153
2020-10-22,Новгородская область,Великий Новгород,Отели,,,Юрьевское Подворье,"ш. Юрьевское, д. 6а, Великий Новгород 173007 Россия",58.48974,31.27109
2020-10-22,Новгородская область,Великий Новгород,Отели,,,Амакс отель Россия,"Набережная А. Невского, 19/1, Великий Новгород 173000 Россия",58.516396,31.283825
2020-10-22,Новгородская область,Великий Новгород,Отели,,,Отель София,"ул. Газон д. 3А, Великий Новгород 173001 Россия",58.524136,31.270668
2020-10-22,Новгородская область,Великий Новгород,Отели,,,Гостевой Дом Орловский,"переулок Орловский 5/8, Великий Новгород 173007 Россия",58.51278,31.257221
2020-10-22,Новгородская область,Великий Новгород,Отели,,,Гостиница Интурист,"ул. Великая, 16, Великий Новгород 173001 Россия",58.53161,31.280996
2020-10-22,Новгородская область,Валдай,Отели,,,Валдайские Зори,"ул. Молотковская, д. 2, Валдай 175400 Россия",57.97435,33.26827
2020-10-22,Новгородская область,Великий Новгород,Отели,,,Рахманинов отель,"ул. Большая Московская, 10, Великий Новгород 173000 Россия",58.517776,31.286293
2020-10-22,Новгородская область,Великий Новгород,Отели,,,"Гостевой дом ""Три кота""","ул. Обороны д.3/1, Великий Новгород 173007 Россия",58.51265,31.266506
2020-10-22,Новгородская область,Великий Новгород,Отели,,,"Гостиница ""Волхов""","ул. Предтеченская, 24, Великий Новгород 173007 Россия",58.52374,31.265749
2020-10-22,Новгородская область,Великий Новгород,Отели,,,Гостиница Акрон,"ул. Предтеченская, д. 24, Великий Новгород Россия",58.524403,31.265972
2020-10-22,Новгородская область,Великий Новгород,Отели,,,Бутик-отель Трувор,"ул. Дворцовая 2/1, Великий Новгород 173000 Россия",58.520283,31.28566
2020-10-22,Новгородская область,Великий Новгород,Достопримечательности,Достопримечательности и культурные объекты,Исторические места для прогулок,Ярославово Дворище,"Торговая сторона, Великий Новгород Россия",58.51848,31.282558
2020-10-22,Новгородская область,Старая Русса,Достопримечательности,Природа и парки,Парки,Курортный парк Старая Русса,"ул. Минеральная, 62, Старая Русса 175202 Россия",57.99739,31.3616
2020-10-22,Новгородская область,Великий Новгород,Достопримечательности,Достопримечательности и культурные объекты,Памятники и статуи,Памятник девушке-туристке,"Кремлевский пешеходный мост, Великий Новгород Россия",58.52031,31.2806
2020-10-22,Новгородская область,Старая Русса,Достопримечательности,Достопримечательности и культурные объекты,Церкви и соборы,Церковь Георгия Победоносца,"ул. Георгиевская, 26, Старая Русса 175202 Россия",57.98702,31.35668
2020-10-22,Новгородская область,Великий Новгород,Достопримечательности,Достопримечательности и культурные объекты,Архитектурные достопримечательности,Церковь Спаса Преображения на Ильине улице,"ул. Ильина, 26, Великий Новгород 173000 Россия",58.51824,31.28795
2020-10-22,Новгородская область,Новгородская область,Достопримечательности,Музеи,Специализированные музеи,Боровичский краеведческий музей,"Октябрьской Революции набережная, д. 17, Боровичи 174400 Россия",58.37912,33.91487
2020-10-22,Новгородская область,Великий Новгород,Достопримечательности,Музеи,Специализированные музеи,Витославлицы музей народного деревянного зодчества,"Юрьевское шоссе, Великий Новгород 173007 Россия",58.49167,31.271278
2020-10-22,Новгородская область,Великий Новгород,Достопримечательности,Музеи,Специализированные музеи,Центр музыкальных древностей В.И. Поветкина,"Ильина, 9Б, Великий Новгород 173000 Россия",58.519234,31.289318
2020-10-22,Новгородская область,Великий Новгород,Достопримечательности,Достопримечательности и культурные объекты,Мосты,Пешеходный мост через реку Волхов,"Софийская набережная, Великий Новгород Россия",58.52076,31.27735
2020-10-22,Новгородская область,Валдай,Достопримечательности,Достопримечательности и культурные объекты,Культурные объекты и достопримечательности,Иверский святоозерский мужской монастырь,Валдай Россия,57.989365,33.304478
2020-10-22,Новгородская область,Старая Русса,Достопримечательности,Музеи,Специализированные музеи,Музей Усадьба средневекового рушанина,"ул. Сварога, 44, Старая Русса 175204 Россия",57.985855,31.364857
2020-10-22,Новгородская область,Старая Русса,Достопримечательности,Музеи,Исторические музеи,Дом-Музей Ф. М. Достоевского,"Достоевского набережная, д. 42/2, Старая Русса 175202 Россия",57.981255,31.35707
2020-10-22,Новгородская область,Великий Новгород,Достопримечательности,Достопримечательности и культурные объекты,Архитектурные достопримечательности,Владычная (Грановитая) палата,"Кремль, 14, Великий Новгород 173007 Россия",58.52277,31.27561
2020-10-22,Новгородская область,Великий Новгород,Достопримечательности,Достопримечательности и культурные объекты,"Священные места и религиозные достопримечательности,Архитектурные достопримечательности",Свято-Юрьев мужской монастырь,"Юрьевское шоссе, д. 10, Великий Новгород 173007 Россия",58.48811,31.2818
2020-10-22,Новгородская область,Великий Новгород,Достопримечательности,Достопримечательности и культурные объекты,Памятники и статуи,Памятник «Тысячелетие России»,"Новгородский кремль, Великий Новгород Россия",58.51914,31.27548
2020-10-22,Новгородская область,Великий Новгород,Достопримечательности,Достопримечательности и культурные объекты,Архитектурные достопримечательности,Собор Софии Премудрости Божией,"территория Кремль, 11, Великий Новгород 173007 Россия",58.5209,31.27286
